t,P_L,P_S1,P_S2,P_S3,P_R,norm
0.0000,9.280476e-01,3.096189e-28,2.759091e-03,1.279988e-31,8.202793e-06,1.0000000000
3.3443,9.277825e-01,7.612311e-13,2.757360e-03,2.263117e-15,8.199654e-06,1.0000000000
6.6886,9.275127e-01,6.353149e-11,2.755495e-03,1.874238e-13,8.195265e-06,1.0000000000
10.0329,9.272579e-01,6.391213e-10,2.753845e-03,1.707962e-12,8.192629e-06,1.0000000000
13.3772,9.269676e-01,7.828147e-10,2.752097e-03,2.054709e-12,8.189025e-06,1.0000000000
16.7215,9.267296e-01,6.409800e-09,2.750408e-03,1.804861e-11,8.185594e-06,1.0000000000
20.0658,9.264321e-01,3.541548e-09,2.748567e-03,8.762920e-12,8.182086e-06,1.0000000000
23.4100,9.261811e-01,2.471082e-08,2.747657e-03,6.924727e-11,8.181252e-06,1.0000000000
26.7543,9.259055e-01,1.514785e-08,2.744785e-03,3.963832e-11,8.173847e-06,1.0000000000
30.0986,9.256328e-01,5.400721e-08,2.745213e-03,1.475269e-10,8.178045e-06,1.0000000000
33.4429,9.253574e-01,5.510699e-08,2.741644e-03,1.481826e-10,8.167828e-06,1.0000000000
36.7872,9.251090e-01,9.801938e-08,2.742585e-03,2.695046e-10,8.173642e-06,1.0000000000
40.1315,9.247809e-01,1.337748e-07,2.739168e-03,3.539262e-10,8.164624e-06,1.0000000000
43.4758,9.245960e-01,1.899906e-07,2.740309e-03,5.306501e-10,8.169668e-06,1.0000000000
46.8201,9.242041e-01,2.443630e-07,2.737215e-03,6.529468e-10,8.163439e-06,1.0000000000
50.1644,9.240599e-01,3.584094e-07,2.737999e-03,9.694328e-10,8.165101e-06,1.0000000000
53.5087,9.236579e-01,4.150558e-07,2.736823e-03,1.171093e-09,8.168457e-06,1.0000000000
56.8530,9.234802e-01,5.969087e-07,2.735197e-03,1.553420e-09,8.155530e-06,1.0000000000
60.1973,9.231443e-01,6.990668e-07,2.737401e-03,1.998896e-09,8.182821e-06,1.0000000000
63.5416,9.228775e-01,9.130860e-07,2.733780e-03,2.447070e-09,8.141652e-06,1.0000000000
66.8859,9.226231e-01,1.117872e-06,2.737268e-03,3.062407e-09,8.203609e-06,1.0000000000
70.2301,9.222972e-01,1.361849e-06,2.734470e-03,3.783099e-09,8.128942e-06,1.0000000000
73.5744,9.220619e-01,1.673951e-06,2.737291e-03,4.677550e-09,8.224238e-06,1.0000000000
76.9187,9.217452e-01,1.993727e-06,2.735850e-03,5.150885e-09,8.126274e-06,1.0000000000
80.2630,9.214784e-01,2.401838e-06,2.739006e-03,7.558189e-09,8.236242e-06,1.0000000000
83.6073,9.211945e-01,2.835046e-06,2.737240e-03,6.467433e-09,8.139565e-06,1.0000000000
86.9516,9.208917e-01,3.353167e-06,2.742370e-03,1.146318e-08,8.241229e-06,1.0000000000
90.2959,9.206400e-01,3.924283e-06,2.739845e-03,8.719510e-09,8.159399e-06,1.0000000000
93.6402,9.203003e-01,4.571278e-06,2.745911e-03,1.553943e-08,8.255998e-06,1.0000000000
96.9845,9.200753e-01,5.298292e-06,2.744991e-03,1.210924e-08,8.169155e-06,1.0000000000
100.3288,9.197226e-01,6.132576e-06,2.749700e-03,2.114957e-08,8.290816e-06,1.0000000000
103.6731,9.194785e-01,6.978480e-06,2.751513e-03,1.512765e-08,8.172920e-06,1.0000000000
107.0174,9.191657e-01,8.098012e-06,2.755777e-03,3.020670e-08,8.327888e-06,1.0000000000
110.3617,9.188675e-01,9.037009e-06,2.758201e-03,1.808428e-08,8.198001e-06,1.0000000000
113.7060,9.185919e-01,1.050793e-05,2.764129e-03,4.046458e-08,8.342153e-06,1.0000000000
117.0502,9.182792e-01,1.154149e-05,2.766574e-03,2.433621e-08,8.258050e-06,1.0000000000
120.3945,9.179837e-01,1.340092e-05,2.773517e-03,4.779825e-08,8.338873e-06,1.0000000000
123.7388,9.177036e-01,1.463191e-05,2.776933e-03,3.594384e-08,8.333369e-06,1.0000000000
127.0831,9.173705e-01,1.672109e-05,2.785083e-03,5.413855e-08,8.344811e-06,1.0000000000
130.4274,9.171057e-01,1.847522e-05,2.788403e-03,4.963817e-08,8.405209e-06,1.0000000000
133.7717,9.167789e-01,2.055579e-05,2.798853e-03,6.592973e-08,8.363865e-06,1.0000000000
137.1160,9.164741e-01,2.298108e-05,2.802569e-03,6.110746e-08,8.487594e-06,1.0000000000
140.4603,9.162002e-01,2.522667e-05,2.813025e-03,8.453967e-08,8.374305e-06,1.0000000000
143.8046,9.158362e-01,2.803258e-05,2.820797e-03,7.365663e-08,8.598748e-06,1.0000000000
147.1489,9.155934e-01,3.084682e-05,2.828279e-03,1.038945e-07,8.377468e-06,1.0000000000
150.4932,9.152307e-01,3.382610e-05,2.840867e-03,9.322279e-08,8.715569e-06,1.0000000000
153.8375,9.149404e-01,3.732318e-05,2.847941e-03,1.216284e-07,8.412502e-06,1.0000000000
157.1818,9.146417e-01,4.059756e-05,2.860775e-03,1.187439e-07,8.802467e-06,1.0000000000
160.5261,9.142843e-01,4.464449e-05,2.872038e-03,1.426991e-07,8.495392e-06,1.0000000000
163.8703,9.140201e-01,4.845374e-05,2.883032e-03,1.472021e-07,8.870147e-06,1.0000000000
167.2146,9.136548e-01,5.297102e-05,2.897705e-03,1.681251e-07,8.601834e-06,1.0000000000
170.5589,9.133640e-01,5.735035e-05,2.909699e-03,1.814038e-07,8.942534e-06,1.0000000000
173.9032,9.130335e-01,6.247905e-05,2.925379e-03,1.956035e-07,8.724380e-06,1.0000000000
177.2475,9.126929e-01,6.743460e-05,2.939168e-03,2.222179e-07,9.016573e-06,1.0000000000
180.5918,9.124090e-01,7.308522e-05,2.956926e-03,2.287576e-07,8.866824e-06,1.0000000000
183.9361,9.120137e-01,7.893272e-05,2.971389e-03,2.662052e-07,9.103221e-06,1.0000000000
187.2804,9.117656e-01,8.494766e-05,2.991499e-03,2.689667e-07,9.008444e-06,1.0000000000
190.6247,9.113524e-01,9.165820e-05,3.007728e-03,3.189197e-07,9.223345e-06,1.0000000000
193.9690,9.110776e-01,9.845458e-05,3.028945e-03,3.086308e-07,9.148114e-06,1.0000000000
197.3133,9.107148e-01,1.056663e-04,3.047963e-03,3.873518e-07,9.357570e-06,1.0000000000
200.6576,9.103669e-01,1.133533e-04,3.070268e-03,3.516766e-07,9.319221e-06,1.0000000000
204.0019,9.100579e-01,1.215754e-04,3.091520e-03,4.572697e-07,9.482041e-06,1.0000000000
207.3462,9.096757e-01,1.294195e-04,3.116233e-03,4.192176e-07,9.524087e-06,1.0000000000
210.6904,9.093566e-01,1.392850e-04,3.138737e-03,5.113163e-07,9.624223e-06,1.0000000000
214.0347,9.090045e-01,1.473892e-04,3.166171e-03,5.155443e-07,9.724184e-06,1.0000000000
217.3790,9.086295e-01,1.581202e-04,3.191054e-03,5.684075e-07,9.815999e-06,1.0000000000
220.7233,9.083210e-01,1.677613e-04,3.219860e-03,6.101191e-07,9.919880e-06,1.0000000000
224.0676,9.079137e-01,1.783931e-04,3.247768e-03,6.645161e-07,1.002603e-05,1.0000000000
227.4119,9.075924e-01,1.898036e-04,3.279560e-03,6.831225e-07,1.016323e-05,1.0000000000
230.7562,9.072209e-01,2.011178e-04,3.307565e-03,7.950113e-07,1.021805e-05,1.0000000000
234.1005,9.068368e-01,2.130987e-04,3.345242e-03,7.679726e-07,1.045365e-05,1.0000000000
237.4448,9.065065e-01,2.261612e-04,3.372991e-03,9.172422e-07,1.044434e-05,1.0000000000
240.7891,9.061014e-01,2.383567e-04,3.414493e-03,8.960891e-07,1.071536e-05,1.0000000000
244.1334,9.057464e-01,2.529940e-04,3.445665e-03,1.030618e-06,1.076973e-05,1.0000000000
247.4777,9.053724e-01,2.658817e-04,3.488053e-03,1.043038e-06,1.093985e-05,1.0000000000
250.8220,9.049790e-01,2.817031e-04,3.524682e-03,1.173403e-06,1.114460e-05,1.0000000000
254.1663,9.046112e-01,2.956909e-04,3.567153e-03,1.189400e-06,1.121855e-05,1.0000000000
257.5105,9.042216e-01,3.121896e-04,3.609825e-03,1.341621e-06,1.149250e-05,1.0000000000
260.8548,9.038203e-01,3.280533e-04,3.652688e-03,1.360605e-06,1.158357e-05,1.0000000000
264.1991,9.034635e-01,3.444518e-04,3.700619e-03,1.514729e-06,1.184013e-05,1.0000000000
267.5434,9.030070e-01,3.626710e-04,3.745782e-03,1.562084e-06,1.198867e-05,1.0000000000
270.8877,9.026953e-01,3.791228e-04,3.796940e-03,1.709833e-06,1.222573e-05,1.0000000000
274.2320,9.021896e-01,3.989034e-04,3.846759e-03,1.777788e-06,1.243332e-05,1.0000000000
277.5763,9.018885e-01,4.166919e-04,3.899579e-03,1.933669e-06,1.263662e-05,1.0000000000
280.9206,9.013916e-01,4.366858e-04,3.955282e-03,2.023927e-06,1.292997e-05,1.0000000000
284.2649,9.010394e-01,4.565925e-04,4.009788e-03,2.167336e-06,1.308753e-05,1.0000000000
287.6092,9.005902e-01,4.771310e-04,4.070595e-03,2.310069e-06,1.345947e-05,1.0000000000
290.9535,9.001839e-01,4.977434e-04,4.129103e-03,2.436036e-06,1.359656e-05,1.0000000000
294.2978,8.997514e-01,5.204030e-04,4.192483e-03,2.590086e-06,1.403032e-05,1.0000000000
297.6421,8.993424e-01,5.410427e-04,4.257391e-03,2.790992e-06,1.415192e-05,1.0000000000
300.9864,8.988685e-01,5.650708e-04,4.322934e-03,2.855877e-06,1.465653e-05,1.0000000000
304.3306,8.985051e-01,5.872401e-04,4.392992e-03,3.186267e-06,1.476825e-05,1.0000000000
307.6749,8.979697e-01,6.113961e-04,4.463977e-03,3.207955e-06,1.531192e-05,1.0000000000
311.0192,8.976259e-01,6.352125e-04,4.536089e-03,3.524325e-06,1.549075e-05,1.0000000000
314.3635,8.971003e-01,6.602209e-04,4.614302e-03,3.690493e-06,1.597256e-05,1.0000000000
317.7078,8.966843e-01,6.846268e-04,4.690058e-03,3.859907e-06,1.631733e-05,1.0000000000
321.0521,8.962378e-01,7.112503e-04,4.772109e-03,4.188054e-06,1.670696e-05,1.0000000000
324.3964,8.957352e-01,7.354789e-04,4.855065e-03,4.319603e-06,1.714758e-05,1.0000000000
327.7407,8.953247e-01,7.644777e-04,4.940458e-03,4.649092e-06,1.762301e-05,1.0000000000
331.0850,8.948066e-01,7.877964e-04,5.028368e-03,4.864278e-06,1.795670e-05,1.0000000000
334.4293,8.943687e-01,8.189961e-04,5.121568e-03,5.181974e-06,1.865403e-05,1.0000000000
337.7736,8.938693e-01,8.425490e-04,5.210758e-03,5.409161e-06,1.890122e-05,1.0000000000
341.1179,8.933977e-01,8.738713e-04,5.313845e-03,5.806139e-06,1.966439e-05,1.0000000000
344.4622,8.929041e-01,8.995842e-04,5.405408e-03,6.018227e-06,2.004570e-05,1.0000000000
347.8065,8.924233e-01,9.296926e-04,5.515226e-03,6.448268e-06,2.071371e-05,1.0000000000
351.1507,8.919045e-01,9.574668e-04,5.614320e-03,6.725137e-06,2.128643e-05,1.0000000000
354.4950,8.914399e-01,9.875991e-04,5.726058e-03,7.154830e-06,2.191249e-05,1.0000000000
357.8393,8.908914e-01,1.015138e-03,5.836462e-03,7.463604e-06,2.259152e-05,1.0000000000
361.1836,8.904175e-01,1.047325e-03,5.949055e-03,7.966453e-06,2.325255e-05,1.0000000000
364.5279,8.898842e-01,1.073395e-03,6.070547e-03,8.276143e-06,2.401968e-05,1.0000000000
367.8722,8.893604e-01,1.107148e-03,6.185345e-03,8.803744e-06,2.469553e-05,1.0000000000
371.2165,8.888567e-01,1.133193e-03,6.316141e-03,9.231432e-06,2.561742e-05,1.0000000000
374.5608,8.882988e-01,1.166554e-03,6.437637e-03,9.692876e-06,2.624170e-05,1.0000000000
377.9051,8.877882e-01,1.193664e-03,6.571152e-03,1.022581e-05,2.738009e-05,1.0000000000
381.2494,8.872413e-01,1.226117e-03,6.705866e-03,1.077697e-05,2.794889e-05,1.0000000000
384.5937,8.866768e-01,1.254153e-03,6.841137e-03,1.120074e-05,2.926652e-05,1.0000000000
387.9380,8.861801e-01,1.285490e-03,6.983217e-03,1.198288e-05,2.987109e-05,1.0000000000
391.2823,8.855480e-01,1.314435e-03,7.130575e-03,1.237189e-05,3.128232e-05,1.0000000000
394.6265,8.850707e-01,1.344679e-03,7.272481e-03,1.309095e-05,3.200873e-05,1.0000000000
397.9708,8.844460e-01,1.373738e-03,7.432420e-03,1.383648e-05,3.347059e-05,1.0000000000
401.3151,8.838974e-01,1.403611e-03,7.581321e-03,1.423571e-05,3.434164e-05,1.0000000000
404.6594,8.833423e-01,1.432153e-03,7.744554e-03,1.532217e-05,3.591167e-05,1.0000000000
408.0037,8.827194e-01,1.461038e-03,7.906824e-03,1.568025e-05,3.680573e-05,1.0000000000
411.3480,8.821795e-01,1.490162e-03,8.073470e-03,1.676072e-05,3.868018e-05,1.0000000000
414.6923,8.815653e-01,1.516940e-03,8.243959e-03,1.729916e-05,3.946634e-05,1.0000000000
418.0366,8.809627e-01,1.545866e-03,8.421604e-03,1.837734e-05,4.162781e-05,1.0000000000
421.3809,8.804066e-01,1.572819e-03,8.594784e-03,1.896089e-05,4.256511e-05,1.0000000000
424.7252,8.797312e-01,1.598424e-03,8.784334e-03,2.017267e-05,4.464185e-05,1.0000000000
428.0695,8.792031e-01,1.626955e-03,8.964955e-03,2.076619e-05,4.608117e-05,1.0000000000
431.4138,8.785149e-01,1.650002e-03,9.159239e-03,2.208685e-05,4.794827e-05,1.0000000000
434.7581,8.779508e-01,1.677035e-03,9.353189e-03,2.270171e-05,4.981523e-05,1.0000000000
438.1024,8.772866e-01,1.700698e-03,9.550136e-03,2.420047e-05,5.169985e-05,1.0000000000
441.4466,8.766927e-01,1.723822e-03,9.757019e-03,2.474420e-05,5.380593e-05,1.0000000000
444.7909,8.760176e-01,1.748555e-03,9.957760e-03,2.644219e-05,5.582567e-05,1.0000000000
448.1352,8.754245e-01,1.768364e-03,1.017607e-02,2.706627e-05,5.820838e-05,1.0000000000
451.4795,8.747375e-01,1.792495e-03,1.038479e-02,2.867830e-05,6.025219e-05,1.0000000000
454.8238,8.741194e-01,1.810557e-03,1.060622e-02,2.965312e-05,6.310079e-05,1.0000000000
458.1681,8.734527e-01,1.832606e-03,1.083315e-02,3.115491e-05,6.507442e-05,1.0000000000
461.5124,8.727889e-01,1.849449e-03,1.105175e-02,3.216897e-05,6.834789e-05,1.0000000000
464.8567,8.721511e-01,1.868892e-03,1.129283e-02,3.409269e-05,7.051928e-05,1.0000000000
468.2010,8.714406e-01,1.885107e-03,1.152243e-02,3.473702e-05,7.391352e-05,1.0000000000
471.5453,8.708217e-01,1.900972e-03,1.176103e-02,3.706415e-05,7.652357e-05,1.0000000000
474.8896,8.700981e-01,1.916203e-03,1.201109e-02,3.785029e-05,8.002800e-05,1.0000000000
478.2339,8.694400e-01,1.930448e-03,1.225038e-02,3.985913e-05,8.300855e-05,1.0000000000
481.5782,8.687674e-01,1.941705e-03,1.250681e-02,4.130047e-05,8.673021e-05,1.0000000000
484.9225,8.680327e-01,1.955641e-03,1.276285e-02,4.299308e-05,9.005876e-05,1.0000000000
488.2667,8.674005e-01,1.964207e-03,1.301653e-02,4.461772e-05,9.409746e-05,1.0000000000
491.6110,8.666485e-01,1.974611e-03,1.328683e-02,4.663701e-05,9.765274e-05,1.0000000000
494.9553,8.659701e-01,1.982711e-03,1.354775e-02,4.799578e-05,1.021447e-04,1.0000000000
498.2996,8.652870e-01,1.989705e-03,1.382161e-02,5.041433e-05,1.060368e-04,1.0000000000
501.6439,8.645079e-01,1.995229e-03,1.409455e-02,5.177016e-05,1.107113e-04,1.0000000000
504.9882,8.638939e-01,2.000531e-03,1.437335e-02,5.418438e-05,1.152749e-04,1.0000000000
508.3325,8.630737e-01,2.003344e-03,1.465245e-02,5.589870e-05,1.201049e-04,1.0000000000
511.6768,8.624375e-01,2.005420e-03,1.494186e-02,5.808137e-05,1.250817e-04,1.0000000000
515.0211,8.616526e-01,2.007643e-03,1.522311e-02,6.024612e-05,1.305849e-04,1.0000000000
518.3654,8.609724e-01,2.004481e-03,1.552365e-02,6.223860e-05,1.355469e-04,1.0000000000
521.7097,8.601937e-01,2.007054e-03,1.580802e-02,6.463562e-05,1.420212e-04,1.0000000000
525.0540,8.595116e-01,1.999550e-03,1.611638e-02,6.686767e-05,1.469956e-04,1.0000000000
528.3983,8.587265e-01,1.999750e-03,1.640890e-02,6.893231e-05,1.541947e-04,1.0000000000
531.7426,8.580197e-01,1.990994e-03,1.671606e-02,7.183809e-05,1.597140e-04,1.0000000000
535.0868,8.572628e-01,1.987179e-03,1.702627e-02,7.358735e-05,1.671747e-04,1.0000000000
538.4311,8.565166e-01,1.977083e-03,1.732633e-02,7.653475e-05,1.734560e-04,1.0000000000
541.7754,8.557767e-01,1.969882e-03,1.764806e-02,7.898530e-05,1.814933e-04,1.0000000000
545.1197,8.550157e-01,1.958713e-03,1.795869e-02,8.109787e-05,1.880546e-04,1.0000000000
548.4640,8.542736e-01,1.947566e-03,1.826955e-02,8.442912e-05,1.970138e-04,1.0000000000
551.8083,8.535100e-01,1.934637e-03,1.860163e-02,8.637432e-05,2.040626e-04,1.0000000000
555.1526,8.527562e-01,1.922664e-03,1.890901e-02,8.941576e-05,2.134899e-04,1.0000000000
558.4969,8.520030e-01,1.904216e-03,1.923963e-02,9.215447e-05,2.214795e-04,1.0000000000
561.8412,8.512275e-01,1.893350e-03,1.956540e-02,9.469685e-05,2.313093e-04,1.0000000000
565.1855,8.504842e-01,1.871049e-03,1.988397e-02,9.757739e-05,2.401728e-04,1.0000000000
568.5298,8.497100e-01,1.857681e-03,2.022263e-02,1.006857e-04,2.505597e-04,1.0000000000
571.8741,8.489303e-01,1.834995e-03,2.054262e-02,1.028209e-04,2.602417e-04,1.0000000000
575.2184,8.482170e-01,1.817962e-03,2.087853e-02,1.067181e-04,2.714189e-04,1.0000000000
578.5627,8.473602e-01,1.794174e-03,2.120954e-02,1.085871e-04,2.816949e-04,1.0000000000
581.9069,8.466981e-01,1.775592e-03,2.153907e-02,1.123191e-04,2.937716e-04,1.0000000000
585.2512,8.458366e-01,1.749163e-03,2.187708e-02,1.148731e-04,3.050648e-04,1.0000000000
588.5955,8.451249e-01,1.729432e-03,2.220616e-02,1.178523e-04,3.173454e-04,1.0000000000
591.9398,8.443333e-01,1.701942e-03,2.254500e-02,1.210435e-04,3.303827e-04,1.0000000000
595.2841,8.435649e-01,1.679166e-03,2.287500e-02,1.238862e-04,3.426325e-04,1.0000000000
598.6284,8.427953e-01,1.651845e-03,2.321484e-02,1.267195e-04,3.572665e-04,1.0000000000
601.9727,8.420276e-01,1.627151e-03,2.354290e-02,1.303790e-04,3.700589e-04,1.0000000000
605.3170,8.412571e-01,1.597844e-03,2.388755e-02,1.322649e-04,3.855443e-04,1.0000000000
608.6613,8.404790e-01,1.573299e-03,2.420519e-02,1.366065e-04,3.998323e-04,1.0000000000
612.0056,8.397241e-01,1.542175e-03,2.456105e-02,1.384553e-04,4.155587e-04,1.0000000000
615.3499,8.389454e-01,1.516530e-03,2.487044e-02,1.419575e-04,4.312426e-04,1.0000000000
618.6942,8.381719e-01,1.485068e-03,2.521930e-02,1.452006e-04,4.483030e-04,1.0000000000
622.0385,8.374281e-01,1.458287e-03,2.554428e-02,1.472445e-04,4.641022e-04,1.0000000000
625.3828,8.366275e-01,1.426662e-03,2.587058e-02,1.512108e-04,4.831264e-04,1.0000000000
628.7270,8.358975e-01,1.397883e-03,2.620440e-02,1.533363e-04,4.996226e-04,1.0000000000
632.0713,8.351038e-01,1.368500e-03,2.653146e-02,1.564730e-04,5.195447e-04,1.0000000000
635.4156,8.343703e-01,1.336227e-03,2.684656e-02,1.593047e-04,5.374687e-04,1.0000000000
638.7599,8.335716e-01,1.308514e-03,2.718875e-02,1.620779e-04,5.584323e-04,1.0000000000
642.1042,8.328665e-01,1.276528e-03,2.748736e-02,1.644108e-04,5.772668e-04,1.0000000000
645.4485,8.320445e-01,1.246148e-03,2.782753e-02,1.679834e-04,5.997794e-04,1.0000000000
648.7928,8.313491e-01,1.217383e-03,2.813046e-02,1.692167e-04,6.192989e-04,1.0000000000
652.1371,8.305533e-01,1.185049e-03,2.845099e-02,1.732260e-04,6.434032e-04,1.0000000000
655.4814,8.298299e-01,1.156622e-03,2.876420e-02,1.745386e-04,6.641459e-04,1.0000000000
658.8257,8.290500e-01,1.126096e-03,2.906959e-02,1.774532e-04,6.885149e-04,1.0000000000
662.1700,8.283562e-01,1.095959e-03,2.938110e-02,1.797821e-04,7.123310e-04,1.0000000000
665.5143,8.275345e-01,1.067463e-03,2.968204e-02,1.818331e-04,7.357448e-04,1.0000000000
668.8586,8.268805e-01,1.037464e-03,2.998385e-02,1.837854e-04,7.624734e-04,1.0000000000
672.2029,8.260644e-01,1.009203e-03,3.028421e-02,1.866802e-04,7.862999e-04,1.0000000000
675.5471,8.253834e-01,9.802219e-04,3.057542e-02,1.870229e-04,8.143596e-04,1.0000000000
678.8914,8.246148e-01,9.532074e-04,3.086942e-02,1.909864e-04,8.398912e-04,1.0000000000
682.2357,8.239068e-01,9.240294e-04,3.115972e-02,1.904550e-04,8.681974e-04,1.0000000000
685.5800,8.231648e-01,8.988315e-04,3.144020e-02,1.939345e-04,8.962901e-04,1.0000000000
688.9243,8.224441e-01,8.703904e-04,3.172427e-02,1.943207e-04,9.249783e-04,1.0000000000
692.2686,8.217307e-01,8.461036e-04,3.200812e-02,1.960647e-04,9.539515e-04,1.0000000000
695.6129,8.209958e-01,8.187307e-04,3.226777e-02,1.972306e-04,9.853746e-04,1.0000000000
698.9572,8.202905e-01,7.957438e-04,3.255899e-02,1.987126e-04,1.014112e-03,1.0000000000
702.3015,8.195881e-01,7.700524e-04,3.280937e-02,1.987740e-04,1.047060e-03,1.0000000000
705.6458,8.188446e-01,7.467515e-04,3.308151e-02,2.010167e-04,1.078016e-03,1.0000000000
708.9901,8.181801e-01,7.242265e-04,3.334408e-02,2.002049e-04,1.110780e-03,1.0000000000
712.3344,8.174545e-01,7.015309e-04,3.359222e-02,2.021623e-04,1.143832e-03,1.0000000000
715.6787,8.167374e-01,6.790970e-04,3.385361e-02,2.015617e-04,1.177694e-03,1.0000000000
719.0230,8.160929e-01,6.603469e-04,3.410182e-02,2.024701e-04,1.211307e-03,1.0000000000
722.3672,8.153339e-01,6.370909e-04,3.433935e-02,2.022975e-04,1.247474e-03,1.0000000000
725.7115,8.146964e-01,6.202745e-04,3.459877e-02,2.027013e-04,1.280988e-03,1.0000000000
729.0558,8.139717e-01,6.000612e-04,3.481674e-02,2.016389e-04,1.318702e-03,1.0000000000
732.4001,8.133183e-01,5.817334e-04,3.507286e-02,2.028919e-04,1.354371e-03,1.0000000000
735.7444,8.125933e-01,5.660287e-04,3.528873e-02,2.006384e-04,1.391129e-03,1.0000000000
739.0887,8.119705e-01,5.473653e-04,3.552795e-02,2.015308e-04,1.429237e-03,1.0000000000
742.4330,8.112327e-01,5.332503e-04,3.574971e-02,2.000440e-04,1.467507e-03,1.0000000000
745.7773,8.106076e-01,5.172520e-04,3.597242e-02,1.991734e-04,1.504466e-03,1.0000000000
749.1216,8.099069e-01,5.032791e-04,3.619220e-02,1.985831e-04,1.546285e-03,1.0000000000
752.4659,8.092458e-01,4.895322e-04,3.641227e-02,1.969437e-04,1.581866e-03,1.0000000000
755.8102,8.085809e-01,4.769708e-04,3.661946e-02,1.957247e-04,1.626670e-03,1.0000000000
759.1545,8.079121e-01,4.645594e-04,3.683754e-02,1.948231e-04,1.661327e-03,1.0000000000
762.4988,8.072447e-01,4.537683e-04,3.704526e-02,1.921748e-04,1.707543e-03,1.0000000000
765.8430,8.065978e-01,4.422882e-04,3.724572e-02,1.915446e-04,1.744273e-03,1.0000000000
769.1873,8.059070e-01,4.337505e-04,3.746026e-02,1.891569e-04,1.788801e-03,1.0000000000
772.5316,8.052979e-01,4.233983e-04,3.765513e-02,1.870460e-04,1.827958e-03,1.0000000000
775.8759,8.045748e-01,4.157351e-04,3.785606e-02,1.854861e-04,1.873294e-03,1.0000000000
779.2202,8.039782e-01,4.080819e-04,3.806183e-02,1.828235e-04,1.911606e-03,1.0000000000
782.5645,8.032986e-01,4.011504e-04,3.824991e-02,1.807415e-04,1.958824e-03,1.0000000000
785.9088,8.026076e-01,3.942094e-04,3.845235e-02,1.782845e-04,1.997461e-03,1.0000000000
789.2531,8.020388e-01,3.908898e-04,3.864874e-02,1.757501e-04,2.044147e-03,1.0000000000
792.5974,8.012819e-01,3.830348e-04,3.883404e-02,1.731794e-04,2.085239e-03,1.0000000000
795.9417,8.007022e-01,3.822548e-04,3.904200e-02,1.706532e-04,2.129778e-03,1.0000000000
799.2860,8.000153e-01,3.767683e-04,3.922146e-02,1.672692e-04,2.173145e-03,1.0000000000
802.6303,7.993532e-01,3.750582e-04,3.942277e-02,1.656318e-04,2.217924e-03,1.0000000000
805.9746,7.987132e-01,3.734504e-04,3.961791e-02,1.612638e-04,2.259795e-03,1.0000000000
809.3189,7.980416e-01,3.721579e-04,3.980007e-02,1.595236e-04,2.306449e-03,1.0000000000
812.6631,7.973847e-01,3.711875e-04,4.001269e-02,1.559034e-04,2.348891e-03,1.0000000000
816.0074,7.967141e-01,3.735202e-04,4.018799e-02,1.529534e-04,2.393196e-03,1.0000000000
819.3517,7.960751e-01,3.717958e-04,4.040107e-02,1.499248e-04,2.438263e-03,1.0000000000
822.6960,7.953558e-01,3.770523e-04,4.058871e-02,1.469818e-04,2.481520e-03,1.0000000000
826.0403,7.947500e-01,3.766653e-04,4.079260e-02,1.432720e-04,2.526532e-03,1.0000000000
829.3846,7.940198e-01,3.826026e-04,4.099029e-02,1.410886e-04,2.569600e-03,1.0000000000
832.7289,7.933656e-01,3.854215e-04,4.120321e-02,1.369112e-04,2.615066e-03,1.0000000000
836.0732,7.926999e-01,3.911759e-04,4.139337e-02,1.344279e-04,2.657849e-03,1.0000000000
839.4175,7.919619e-01,3.969187e-04,4.162085e-02,1.313075e-04,2.702621e-03,1.0000000000
842.7618,7.913407e-01,4.042064e-04,4.181883e-02,1.276695e-04,2.745312e-03,1.0000000000
846.1061,7.905747e-01,4.106335e-04,4.204246e-02,1.251240e-04,2.791215e-03,1.0000000000
849.4504,7.899160e-01,4.213374e-04,4.225676e-02,1.219427e-04,2.831137e-03,1.0000000000
852.7947,7.892061e-01,4.283845e-04,4.248695e-02,1.186428e-04,2.878890e-03,1.0000000000
856.1390,7.884531e-01,4.406986e-04,4.270474e-02,1.160942e-04,2.917711e-03,1.0000000000
859.4832,7.877768e-01,4.514210e-04,4.294893e-02,1.128774e-04,2.964534e-03,1.0000000000
862.8275,7.870375e-01,4.636118e-04,4.317394e-02,1.101912e-04,3.004495e-03,1.0000000000
866.1718,7.862470e-01,4.769455e-04,4.342807e-02,1.073994e-04,3.048898e-03,1.0000000000
869.5161,7.856120e-01,4.929267e-04,4.366852e-02,1.044321e-04,3.090304e-03,1.0000000000
872.8604,7.847257e-01,5.054125e-04,4.392202e-02,1.024134e-04,3.133636e-03,1.0000000000
876.2047,7.840787e-01,5.255480e-04,4.419234e-02,9.907075e-05,3.173969e-03,1.0000000000
879.5490,7.832281e-01,5.408330e-04,4.444301e-02,9.725370e-05,3.217590e-03,1.0000000000
882.8933,7.824923e-01,5.605112e-04,4.473142e-02,9.464466e-05,3.258176e-03,1.0000000000
886.2376,7.816609e-01,5.814751e-04,4.500416e-02,9.234886e-05,3.299739e-03,1.0000000000
889.5819,7.809151e-01,6.011853e-04,4.528938e-02,9.020826e-05,3.340630e-03,1.0000000000
892.9262,7.800169e-01,6.253748e-04,4.559777e-02,8.844583e-05,3.383187e-03,1.0000000000
896.2705,7.792836e-01,6.486580e-04,4.588401e-02,8.588916e-05,3.421575e-03,1.0000000000
899.6148,7.783763e-01,6.729695e-04,4.620923e-02,8.491014e-05,3.464476e-03,1.0000000000
902.9591,7.775479e-01,7.015759e-04,4.652703e-02,8.245464e-05,3.503963e-03,1.0000000000
906.3033,7.767072e-01,7.274312e-04,4.685037e-02,8.137977e-05,3.544617e-03,1.0000000000
909.6476,7.757906e-01,7.574897e-04,4.719563e-02,7.976384e-05,3.584846e-03,1.0000000000
912.9919,7.749212e-01,7.891946e-04,4.754293e-02,7.862914e-05,3.625461e-03,1.0000000000
916.3362,7.740394e-01,8.188881e-04,4.789684e-02,7.700428e-05,3.665052e-03,1.0000000000
919.6805,7.730519e-01,8.555147e-04,4.826838e-02,7.691165e-05,3.706345e-03,1.0000000000
923.0248,7.722086e-01,8.878860e-04,4.864361e-02,7.488242e-05,3.744376e-03,1.0000000000
926.3691,7.711838e-01,9.257780e-04,4.903881e-02,7.532588e-05,3.788153e-03,1.0000000000
929.7134,7.702437e-01,9.639432e-04,4.942586e-02,7.373410e-05,3.823824e-03,1.0000000000
933.0577,7.692990e-01,1.002781e-03,4.985113e-02,7.434871e-05,3.869437e-03,1.0000000000
936.4020,7.682231e-01,1.043344e-03,5.026102e-02,7.316719e-05,3.904887e-03,1.0000000000
939.7463,7.672859e-01,1.088180e-03,5.070423e-02,7.388975e-05,3.950430e-03,1.0000000000
943.0906,7.662156e-01,1.129237e-03,5.113768e-02,7.356296e-05,3.987684e-03,1.0000000000
946.4349,7.651526e-01,1.176326e-03,5.161070e-02,7.418144e-05,4.031711e-03,1.0000000000
949.7792,7.641305e-01,1.224299e-03,5.206493e-02,7.424132e-05,4.072128e-03,1.0000000000
953.1234,7.630068e-01,1.270181e-03,5.255507e-02,7.581537e-05,4.114405e-03,1.0000000000
956.4677,7.618992e-01,1.322833e-03,5.305308e-02,7.554920e-05,4.158562e-03,1.0000000000
959.8120,7.608306e-01,1.373023e-03,5.354719e-02,7.799105e-05,4.198578e-03,1.0000000000
963.1563,7.596031e-01,1.424860e-03,5.408514e-02,7.825835e-05,4.247015e-03,1.0000000000
966.5006,7.585200e-01,1.482649e-03,5.460669e-02,8.075909e-05,4.286896e-03,1.0000000000
969.8449,7.573005e-01,1.533373e-03,5.515440e-02,8.192132e-05,4.335910e-03,1.0000000000
973.1892,7.560902e-01,1.594255e-03,5.572573e-02,8.487002e-05,4.379528e-03,1.0000000000
976.5335,7.549011e-01,1.651904e-03,5.628789e-02,8.634925e-05,4.428953e-03,1.0000000000
979.8778,7.536440e-01,1.708604e-03,5.687967e-02,9.018322e-05,4.474095e-03,1.0000000000
983.2221,7.523568e-01,1.773420e-03,5.749038e-02,9.223814e-05,4.527132e-03,1.0000000000
986.5664,7.511284e-01,1.832721e-03,5.809108e-02,9.646611e-05,4.573172e-03,1.0000000000
989.9107,7.497782e-01,1.895495e-03,5.873961e-02,9.958585e-05,4.629606e-03,1.0000000000
993.2550,7.484576e-01,1.961950e-03,5.936300e-02,1.042618e-04,4.677243e-03,1.0000000000
996.5993,7.471548e-01,2.023912e-03,6.004775e-02,1.084301e-04,4.738052e-03,1.0000000000
999.9435,7.457223e-01,2.091844e-03,6.069602e-02,1.135850e-04,4.787459e-03,1.0000000000
1003.2878,7.443809e-01,2.158843e-03,6.139906e-02,1.189152e-04,4.851430e-03,1.0000000000
1006.6321,7.429734e-01,2.223751e-03,6.209877e-02,1.251301e-04,4.906221e-03,1.0000000000
1009.9764,7.414779e-01,2.295701e-03,6.281273e-02,1.308090e-04,4.971021e-03,1.0000000000
1013.3207,7.401318e-01,2.361881e-03,6.354102e-02,1.387756e-04,5.032353e-03,1.0000000000
1016.6650,7.385431e-01,2.431767e-03,6.429682e-02,1.454526e-04,5.099648e-03,1.0000000000
1020.0093,7.371273e-01,2.502401e-03,6.504697e-02,1.537670e-04,5.166328e-03,1.0000000000
1023.3536,7.355772e-01,2.572778e-03,6.582201e-02,1.630505e-04,5.237965e-03,1.0000000000
1026.6979,7.340320e-01,2.640447e-03,6.661846e-02,1.715563e-04,5.309007e-03,1.0000000000
1030.0422,7.324786e-01,2.716963e-03,6.741231e-02,1.823549e-04,5.387583e-03,1.0000000000
1033.3865,7.309170e-01,2.780101e-03,6.823152e-02,1.931434e-04,5.461997e-03,1.0000000000
1036.7308,7.292423e-01,2.858362e-03,6.906904e-02,2.043223e-04,5.547210e-03,1.0000000000
1040.0751,7.277260e-01,2.924432e-03,6.990074e-02,2.172300e-04,5.629111e-03,1.0000000000
1043.4194,7.259585e-01,2.995324e-03,7.077169e-02,2.305018e-04,5.717562e-03,1.0000000000
1046.7636,7.243841e-01,3.068699e-03,7.164030e-02,2.442025e-04,5.809108e-03,1.0000000000
1050.1079,7.226380e-01,3.136261e-03,7.251551e-02,2.600377e-04,5.903291e-03,1.0000000000
1053.4522,7.209648e-01,3.203107e-03,7.343310e-02,2.754846e-04,6.001408e-03,1.0000000000
1056.7965,7.191820e-01,3.281094e-03,7.432781e-02,2.929513e-04,6.104796e-03,1.0000000000
1060.1408,7.175039e-01,3.337533e-03,7.525808e-02,3.111206e-04,6.210332e-03,1.0000000000
1063.4851,7.156609e-01,3.415226e-03,7.620140e-02,3.299202e-04,6.320300e-03,1.0000000000
1066.8294,7.138963e-01,3.476348e-03,7.713319e-02,3.508475e-04,6.438122e-03,1.0000000000
1070.1737,7.121157e-01,3.545096e-03,7.812024e-02,3.723284e-04,6.554045e-03,1.0000000000
1073.5180,7.102075e-01,3.607894e-03,7.906254e-02,3.940276e-04,6.681358e-03,1.0000000000
1076.8623,7.084411e-01,3.675211e-03,8.007110e-02,4.200372e-04,6.810466e-03,1.0000000000
1080.2066,7.065081e-01,3.733153e-03,8.105623e-02,4.430864e-04,6.943462e-03,1.0000000000
1083.5509,7.046401e-01,3.801769e-03,8.206044e-02,4.710082e-04,7.085912e-03,1.0000000000
1086.8952,7.027517e-01,3.853609e-03,8.307470e-02,4.987141e-04,7.230200e-03,1.0000000000
1090.2395,7.007787e-01,3.921531e-03,8.411727e-02,5.275921e-04,7.381649e-03,1.0000000000
1093.5837,6.988817e-01,3.972287e-03,8.512525e-02,5.580997e-04,7.540911e-03,1.0000000000
1096.9280,6.968984e-01,4.032984e-03,8.619656e-02,5.916649e-04,7.702157e-03,1.0000000000
1100.2723,6.948982e-01,4.084824e-03,8.723209e-02,6.225095e-04,7.874693e-03,1.0000000000
1103.6166,6.929599e-01,4.141421e-03,8.830631e-02,6.603276e-04,8.051775e-03,1.0000000000
1106.9609,6.908764e-01,4.188254e-03,8.936526e-02,6.951304e-04,8.232932e-03,1.0000000000
1110.3052,6.889000e-01,4.244422e-03,9.045570e-02,7.329035e-04,8.427756e-03,1.0000000000
1113.6495,6.868345e-01,4.286610e-03,9.152319e-02,7.738633e-04,8.625863e-03,1.0000000000
1116.9938,6.847737e-01,4.337157e-03,9.263780e-02,8.135652e-04,8.826506e-03,1.0000000000
1120.3381,6.826922e-01,4.382328e-03,9.371008e-02,8.555956e-04,9.051970e-03,1.0000000000
1123.6824,6.806268e-01,4.421864e-03,9.482860e-02,9.020680e-04,9.260685e-03,1.0000000000
1127.0267,6.784910e-01,4.466428e-03,9.594235e-02,9.441524e-04,9.503826e-03,1.0000000000
1130.3710,6.763809e-01,4.507146e-03,9.703127e-02,9.938197e-04,9.733388e-03,1.0000000000
1133.7153,6.742726e-01,4.539513e-03,9.817723e-02,1.041430e-03,9.989751e-03,1.0000000000
1137.0595,6.720878e-01,4.582159e-03,9.928407e-02,1.090269e-03,1.023912e-02,1.0000000000
1140.4038,6.699488e-01,4.611713e-03,1.004003e-01,1.143904e-03,1.051592e-02,1.0000000000
1143.7481,6.677939e-01,4.646568e-03,1.015554e-01,1.194570e-03,1.078001e-02,1.0000000000
1147.0924,6.655696e-01,4.676509e-03,1.026530e-01,1.249075e-03,1.108082e-02,1.0000000000
1150.4367,6.634136e-01,4.704758e-03,1.038047e-01,1.306509e-03,1.136406e-02,1.0000000000
1153.7810,6.611837e-01,4.734542e-03,1.049416e-01,1.360359e-03,1.168202e-02,1.0000000000
1157.1253,6.589775e-01,4.756947e-03,1.060527e-01,1.419514e-03,1.199166e-02,1.0000000000
1160.4696,6.567427e-01,4.782284e-03,1.072132e-01,1.481057e-03,1.232931e-02,1.0000000000
1163.8139,6.545012e-01,4.805988e-03,1.083373e-01,1.536540e-03,1.265846e-02,1.0000000000
1167.1582,6.522732e-01,4.823878e-03,1.094622e-01,1.602471e-03,1.302305e-02,1.0000000000
1170.5025,6.499842e-01,4.844435e-03,1.106175e-01,1.662988e-03,1.337459e-02,1.0000000000
1173.8468,6.477339e-01,4.863237e-03,1.117268e-01,1.725269e-03,1.375885e-02,1.0000000000
1177.1911,6.454746e-01,4.876435e-03,1.128765e-01,1.792095e-03,1.414251e-02,1.0000000000
1180.5354,6.431423e-01,4.894603e-03,1.139888e-01,1.855305e-03,1.454197e-02,1.0000000000
1183.8796,6.409049e-01,4.904616e-03,1.151304e-01,1.919422e-03,1.495963e-02,1.0000000000
1187.2239,6.385585e-01,4.920649e-03,1.162341e-01,1.991692e-03,1.538129e-02,1.0000000000
1190.5682,6.362830e-01,4.926604e-03,1.173831e-01,2.050001e-03,1.581974e-02,1.0000000000
1193.9125,6.339363e-01,4.942503e-03,1.184572e-01,2.124221e-03,1.628036e-02,1.0000000000
1197.2568,6.316448e-01,4.944113e-03,1.196148e-01,2.189342e-03,1.673500e-02,1.0000000000
1200.6011,6.292873e-01,4.959131e-03,1.206928e-01,2.255631e-03,1.722506e-02,1.0000000000
1203.9454,6.269669e-01,4.958717e-03,1.217988e-01,2.325706e-03,1.771437e-02,1.0000000000
1207.2897,6.246119e-01,4.970509e-03,1.229113e-01,2.393773e-03,1.822420e-02,1.0000000000
1210.6340,6.222864e-01,4.971265e-03,1.239985e-01,2.458594e-03,1.874627e-02,1.0000000000
1213.9783,6.198852e-01,4.977676e-03,1.250667e-01,2.531062e-03,1.928651e-02,1.0000000000
1217.3226,6.175753e-01,4.980106e-03,1.261922e-01,2.593663e-03,1.983401e-02,1.0000000000
1220.6669,6.151860e-01,4.985390e-03,1.272172e-01,2.663506e-03,2.040644e-02,1.0000000000
1224.0112,6.127841e-01,4.981769e-03,1.283290e-01,2.730182e-03,2.098653e-02,0.9999999999
1227.3555,6.104767e-01,4.994372e-03,1.293749e-01,2.793324e-03,2.158021e-02,0.9999999999
1230.6997,6.080171e-01,4.983237e-03,1.304235e-01,2.860526e-03,2.220161e-02,0.9999999999
1234.0440,6.056887e-01,4.995075e-03,1.315029e-01,2.926478e-03,2.282266e-02,0.9999999999
1237.3883,6.032483e-01,4.990875e-03,1.325197e-01,2.983628e-03,2.346485e-02,0.9999999999
1240.7326,6.009064e-01,4.993073e-03,1.335696e-01,3.053393e-03,2.413504e-02,0.9999999999
1244.0769,5.984304e-01,4.992940e-03,1.346090e-01,3.109536e-03,2.479607e-02,0.9999999999
1247.4212,5.961027e-01,4.997681e-03,1.356162e-01,3.169966e-03,2.549486e-02,0.9999999999
1250.7655,5.936246e-01,4.991757e-03,1.366486e-01,3.230527e-03,2.620164e-02,0.9999999999
1254.1098,5.912490e-01,5.001257e-03,1.376571e-01,3.285543e-03,2.691682e-02,0.9999999999
1257.4541,5.888089e-01,4.994246e-03,1.386545e-01,3.340794e-03,2.766314e-02,0.9999999999
1260.7984,5.863911e-01,5.002724e-03,1.396606e-01,3.397441e-03,2.840912e-02,0.9999999999
1264.1427,5.839471e-01,5.000428e-03,1.406563e-01,3.445138e-03,2.918199e-02,0.9999999999
1267.4870,5.815460e-01,5.004012e-03,1.416211e-01,3.499127e-03,2.996817e-02,0.9999999999
1270.8313,5.790395e-01,5.006709e-03,1.426261e-01,3.546969e-03,3.076356e-02,0.9999999999
1274.1756,5.766879e-01,5.012046e-03,1.435844e-01,3.590797e-03,3.158161e-02,0.9999999999
1277.5198,5.741448e-01,5.010295e-03,1.445476e-01,3.638709e-03,3.241935e-02,0.9999999999
1280.8641,5.717436e-01,5.022305e-03,1.455187e-01,3.679921e-03,3.325067e-02,0.9999999999
1284.2084,5.692923e-01,5.022464e-03,1.464748e-01,3.719235e-03,3.413063e-02,0.9999999999
1287.5527,5.667727e-01,5.027826e-03,1.474039e-01,3.758482e-03,3.499187e-02,0.9999999999
1290.8970,5.643552e-01,5.040092e-03,1.483867e-01,3.795227e-03,3.589614e-02,0.9999999999
1294.2413,5.618707e-01,5.041874e-03,1.492786e-01,3.826496e-03,3.679009e-02,0.9999999999
1297.5856,5.593474e-01,5.051119e-03,1.502618e-01,3.862107e-03,3.772670e-02,0.9999999999
1300.9299,5.569246e-01,5.066646e-03,1.511567e-01,3.885409e-03,3.864290e-02,0.9999999999
1304.2742,5.543799e-01,5.067013e-03,1.520939e-01,3.919544e-03,3.961491e-02,0.9999999999
1307.6185,5.519073e-01,5.086383e-03,1.530326e-01,3.938569e-03,4.055583e-02,0.9999999999
1310.9628,5.493876e-01,5.096714e-03,1.539272e-01,3.963146e-03,4.155260e-02,0.9999999999
1314.3071,5.469026e-01,5.106201e-03,1.548505e-01,3.983106e-03,4.253008e-02,0.9999999999
1317.6514,5.443357e-01,5.127231e-03,1.557860e-01,4.002968e-03,4.354368e-02,0.9999999999
1320.9957,5.418718e-01,5.137968e-03,1.566586e-01,4.012819e-03,4.455160e-02,0.9999999999
1324.3399,5.392922e-01,5.154655e-03,1.575963e-01,4.033927e-03,4.559267e-02,0.9999999999
1327.6842,5.367667e-01,5.178179e-03,1.584971e-01,4.038409e-03,4.662488e-02,0.9999999999
1331.0285,5.342481e-01,5.188923e-03,1.593894e-01,4.052373e-03,4.768572e-02,0.9999999999
1334.3728,5.316447e-01,5.214681e-03,1.603152e-01,4.054804e-03,4.875157e-02,0.9999999999
1337.7171,5.291185e-01,5.237540e-03,1.611967e-01,4.065135e-03,4.982585e-02,0.9999999999
1341.0614,5.265681e-01,5.252399e-03,1.621190e-01,4.061711e-03,5.092401e-02,0.9999999999
1344.4057,5.239081e-01,5.285087e-03,1.630063e-01,4.069443e-03,5.201280e-02,0.9999999999
1347.7500,5.214386e-01,5.305324e-03,1.639263e-01,4.061038e-03,5.313511e-02,0.9999999999
1351.0943,5.187512e-01,5.331378e-03,1.648090e-01,4.066951e-03,5.425272e-02,0.9999999999
1354.4386,5.161803e-01,5.360273e-03,1.657416e-01,4.053489e-03,5.538107e-02,0.9999999999
1357.7829,5.135965e-01,5.390256e-03,1.666202e-01,4.055230e-03,5.652981e-02,0.9999999999
1361.1272,5.109286e-01,5.414492e-03,1.675518e-01,4.042064e-03,5.767639e-02,0.9999999999
1364.4715,5.083213e-01,5.453293e-03,1.684501e-01,4.036640e-03,5.884039e-02,0.9999999999
1367.8158,5.057061e-01,5.478290e-03,1.693607e-01,4.023201e-03,6.000436e-02,0.9999999999
1371.1600,5.030043e-01,5.515087e-03,1.702901e-01,4.014848e-03,6.119025e-02,0.9999999999
1374.5043,5.003880e-01,5.550511e-03,1.712003e-01,3.997084e-03,6.237456e-02,0.9999999999
1377.8486,4.977255e-01,5.581782e-03,1.721058e-01,3.989922e-03,6.356182e-02,0.9999999999
1381.1929,4.949909e-01,5.620969e-03,1.730758e-01,3.966826e-03,6.477755e-02,0.9999999999
1384.5372,4.923810e-01,5.661447e-03,1.739563e-01,3.958062e-03,6.598039e-02,0.9999999999
1387.8815,4.896210e-01,5.690746e-03,1.749131e-01,3.936987e-03,6.719495e-02,0.9999999999
1391.2258,4.869426e-01,5.741140e-03,1.758644e-01,3.921870e-03,6.842941e-02,0.9999999999
1394.5701,4.842082e-01,5.774543e-03,1.767705e-01,3.902073e-03,6.965316e-02,0.9999999999
1397.9144,4.815127e-01,5.815595e-03,1.777551e-01,3.886679e-03,7.089580e-02,0.9999999999
1401.2587,4.786982e-01,5.863144e-03,1.786820e-01,3.863720e-03,7.213850e-02,0.9999999999
1404.6030,4.760565e-01,5.899898e-03,1.796445e-01,3.850559e-03,7.339272e-02,0.9999999999
1407.9473,4.731832e-01,5.945188e-03,1.806248e-01,3.824493e-03,7.464938e-02,0.9999999999
1411.2916,4.704930e-01,5.993633e-03,1.815540e-01,3.811912e-03,7.590876e-02,0.9999999999
1414.6359,4.676737e-01,6.030908e-03,1.825658e-01,3.789594e-03,7.719003e-02,0.9999999999
1417.9801,4.648862e-01,6.081916e-03,1.835259e-01,3.770316e-03,7.844828e-02,0.9999999999
1421.3244,4.620775e-01,6.127703e-03,1.845022e-01,3.753246e-03,7.974866e-02,0.9999999999
1424.6687,4.592949e-01,6.170022e-03,1.855007e-01,3.736791e-03,8.101917e-02,0.9999999999
1428.0130,4.564043e-01,6.220379e-03,1.865080e-01,3.713086e-03,8.232122e-02,0.9999999999
1431.3573,4.536514e-01,6.267375e-03,1.874690e-01,3.703961e-03,8.361889e-02,0.9999999999
1434.7016,4.507380e-01,6.312137e-03,1.885168e-01,3.682356e-03,8.491576e-02,0.9999999999
1438.0459,4.479095e-01,6.361945e-03,1.894969e-01,3.667048e-03,8.623206e-02,0.9999999999
1441.3902,4.450595e-01,6.409744e-03,1.905290e-01,3.656387e-03,8.754995e-02,0.9999999999
1444.7345,4.421457e-01,6.454026e-03,1.915306e-01,3.637783e-03,8.885009e-02,0.9999999999
1448.0788,4.392847e-01,6.508575e-03,1.925839e-01,3.628403e-03,9.021292e-02,0.9999999999
1451.4231,4.364022e-01,6.547530e-03,1.935676e-01,3.616545e-03,9.150371e-02,0.9999999999
1454.7674,4.334474e-01,6.601598e-03,1.946620e-01,3.605257e-03,9.287406e-02,0.9999999999
1458.1117,4.305930e-01,6.648114e-03,1.956292e-01,3.596974e-03,9.420254e-02,0.9999999999
1461.4559,4.276252e-01,6.690567e-03,1.967259e-01,3.592000e-03,9.555816e-02,0.9999999999
1464.8002,4.247219e-01,6.741825e-03,1.977457e-01,3.580246e-03,9.690750e-02,0.9999999999
1468.1445,4.217444e-01,6.788297e-03,1.987823e-01,3.583341e-03,9.829132e-02,0.9999999999
1471.4888,4.188544e-01,6.828708e-03,1.998540e-01,3.575335e-03,9.963300e-02,0.9999999999
1474.8331,4.158289e-01,6.880429e-03,2.008962e-01,3.575765e-03,1.010354e-01,0.9999999999
1478.1774,4.129132e-01,6.920079e-03,2.019251e-01,3.578364e-03,1.024132e-01,0.9999999999
1481.5217,4.099229e-01,6.967116e-03,2.030329e-01,3.580184e-03,1.037954e-01,0.9999999999
1484.8660,4.069419e-01,7.008097e-03,2.040243e-01,3.581756e-03,1.052167e-01,0.9999999999
1488.2103,4.039566e-01,7.050707e-03,2.051177e-01,3.596881e-03,1.066096e-01,0.9999999999
1491.5546,4.009748e-01,7.093579e-03,2.061751e-01,3.594957e-03,1.080337e-01,0.9999999999
1494.8989,3.979488e-01,7.133553e-03,2.071897e-01,3.614868e-03,1.094649e-01,0.9999999999
1498.2432,3.949915e-01,7.169289e-03,2.082820e-01,3.624053e-03,1.108999e-01,0.9999999999
1501.5875,3.919144e-01,7.215510e-03,2.093133e-01,3.639975e-03,1.123349e-01,0.9999999999
1504.9318,3.889729e-01,7.244716e-03,2.103473e-01,3.657269e-03,1.138244e-01,0.9999999999
1508.2760,3.858986e-01,7.286838e-03,2.114124e-01,3.681860e-03,1.152496e-01,0.9999999999
1511.6203,3.828951e-01,7.317615e-03,2.124332e-01,3.696055e-03,1.167654e-01,0.9999999999
1514.9646,3.798754e-01,7.355835e-03,2.134683e-01,3.731649e-03,1.182445e-01,0.9999999999
1518.3089,3.768311e-01,7.384039e-03,2.145018e-01,3.751092e-03,1.197361e-01,0.9999999999
1521.6532,3.738044e-01,7.418713e-03,2.155129e-01,3.785502e-03,1.212735e-01,0.9999999999
1524.9975,3.707642e-01,7.445823e-03,2.165219e-01,3.818282e-03,1.227974e-01,0.9999999999
1528.3418,3.677336e-01,7.478638e-03,2.175536e-01,3.854610e-03,1.243229e-01,0.9999999999
1531.6861,3.646901e-01,7.500152e-03,2.185012e-01,3.888653e-03,1.259154e-01,0.9999999999
1535.0304,3.616376e-01,7.531282e-03,2.195261e-01,3.939451e-03,1.274601e-01,0.9999999999
1538.3747,3.586188e-01,7.553175e-03,2.204962e-01,3.972401e-03,1.290581e-01,0.9999999999
1541.7190,3.555658e-01,7.576595e-03,2.214329e-01,4.028468e-03,1.306746e-01,0.9999999999
1545.0633,3.525012e-01,7.598168e-03,2.224051e-01,4.074750e-03,1.322772e-01,0.9999999999
1548.4076,3.495165e-01,7.619636e-03,2.233588e-01,4.126816e-03,1.339300e-01,0.9999999999
1551.7519,3.464064e-01,7.636422e-03,2.242262e-01,4.185374e-03,1.355897e-01,0.9999999999
1555.0961,3.434276e-01,7.655744e-03,2.252082e-01,4.244772e-03,1.372479e-01,0.9999999999
1558.4404,3.403467e-01,7.671321e-03,2.260358e-01,4.300785e-03,1.389668e-01,0.9999999999
1561.7847,3.373505e-01,7.683659e-03,2.269506e-01,4.376939e-03,1.406632e-01,0.9999999999
1565.1290,3.342712e-01,7.702316e-03,2.278082e-01,4.434042e-03,1.424085e-01,0.9999999999
1568.4733,3.312988e-01,7.708021e-03,2.286146e-01,4.511837e-03,1.441545e-01,0.9999999999
1571.8176,3.282191e-01,7.721880e-03,2.294814e-01,4.585748e-03,1.459562e-01,0.9999999999
1575.1619,3.252367e-01,7.733089e-03,2.302601e-01,4.662167e-03,1.477144e-01,0.9999999999
1578.5062,3.221976e-01,7.736115e-03,2.310220e-01,4.740878e-03,1.495860e-01,0.9999999999
1581.8505,3.191930e-01,7.746386e-03,2.318237e-01,4.831473e-03,1.513963e-01,0.9999999999
1585.1948,3.161847e-01,7.753985e-03,2.325292e-01,4.910182e-03,1.532778e-01,0.9999999999
1588.5391,3.131836e-01,7.750939e-03,2.332373e-01,5.006606e-03,1.551823e-01,0.9999999999
1591.8834,3.101739e-01,7.764576e-03,2.339624e-01,5.096697e-03,1.570885e-01,0.9999999999
1595.2277,3.072132e-01,7.758080e-03,2.345817e-01,5.193500e-03,1.590331e-01,0.9999999999
1598.5720,3.041936e-01,7.764219e-03,2.352571e-01,5.294267e-03,1.610352e-01,0.9999999999
1601.9162,3.012329e-01,7.763515e-03,2.358477e-01,5.394149e-03,1.629758e-01,0.9999999999
1605.2605,2.982804e-01,7.764292e-03,2.364465e-01,5.500623e-03,1.650713e-01,0.9999999999
1608.6048,2.952772e-01,7.757310e-03,2.369902e-01,5.610279e-03,1.670719e-01,0.9999999999
1611.9491,2.923463e-01,7.766066e-03,2.375495e-01,5.718705e-03,1.691784e-01,0.9999999999
1615.2934,2.894220e-01,7.751408e-03,2.380066e-01,5.832530e-03,1.712867e-01,0.9999999999
1618.6377,2.864137e-01,7.755568e-03,2.385252e-01,5.952985e-03,1.734332e-01,0.9999999999
1621.9820,2.835607e-01,7.749829e-03,2.389415e-01,6.066684e-03,1.755847e-01,0.9999999999
1625.3263,2.805882e-01,7.744318e-03,2.393486e-01,6.191722e-03,1.778110e-01,0.9999999999
1628.6706,2.776858e-01,7.737898e-03,2.397594e-01,6.315250e-03,1.800268e-01,0.9999999999
1632.0149,2.747903e-01,7.739593e-03,2.400797e-01,6.441702e-03,1.822940e-01,0.9999999999
1635.3592,2.718914e-01,7.721149e-03,2.404027e-01,6.569025e-03,1.845875e-01,0.9999999999
1638.7035,2.689852e-01,7.730147e-03,2.407242e-01,6.702870e-03,1.869185e-01,0.9999999999
1642.0478,2.661540e-01,7.712008e-03,2.409181e-01,6.831669e-03,1.892724e-01,0.9999999999
1645.3921,2.632294e-01,7.710392e-03,2.411897e-01,6.971310e-03,1.916614e-01,0.9999999999
1648.7363,2.604218e-01,7.706212e-03,2.413729e-01,7.102377e-03,1.940952e-01,0.9999999999
1652.0806,2.575476e-01,7.696546e-03,2.414872e-01,7.244784e-03,1.965373e-01,0.9999999999
1655.4249,2.547186e-01,7.687223e-03,2.416697e-01,7.381974e-03,1.990487e-01,0.9999999999
1658.7692,2.518845e-01,7.693383e-03,2.417166e-01,7.523876e-03,2.015389e-01,0.9999999999
1662.1135,2.490919e-01,7.669668e-03,2.417791e-01,7.663611e-03,2.041413e-01,0.9999999999
1665.4578,2.462460e-01,7.679319e-03,2.418275e-01,7.809991e-03,2.066871e-01,0.9999999999
1668.8021,2.434839e-01,7.665842e-03,2.417703e-01,7.949618e-03,2.093449e-01,0.9999999999
1672.1464,2.406970e-01,7.662382e-03,2.417729e-01,8.097638e-03,2.119850e-01,0.9999999999
1675.4907,2.378865e-01,7.656883e-03,2.416660e-01,8.236872e-03,2.146902e-01,0.9999999999
1678.8350,2.351727e-01,7.658018e-03,2.415539e-01,8.388860e-03,2.174068e-01,0.9999999999
1682.1793,2.323895e-01,7.642847e-03,2.414238e-01,8.526047e-03,2.201746e-01,0.9999999999
1685.5236,2.296362e-01,7.654121e-03,2.412500e-01,8.675912e-03,2.229683e-01,0.9999999999
1688.8679,2.269472e-01,7.639297e-03,2.409974e-01,8.816697e-03,2.257991e-01,0.9999999999
1692.2122,2.241786e-01,7.643629e-03,2.408170e-01,8.963142e-03,2.286509e-01,0.9999999999
1695.5564,2.214891e-01,7.642004e-03,2.404925e-01,9.102004e-03,2.315699e-01,0.9999999999
1698.9007,2.188105e-01,7.639298e-03,2.402057e-01,9.247368e-03,2.344763e-01,0.9999999999
1702.2450,2.160651e-01,7.639603e-03,2.398576e-01,9.384572e-03,2.374493e-01,0.9999999999
1705.5893,2.134534e-01,7.644962e-03,2.395104e-01,9.525740e-03,2.404555e-01,0.9999999999
1708.9336,2.107350e-01,7.638870e-03,2.390630e-01,9.661281e-03,2.434683e-01,0.9999999999
1712.2779,2.081030e-01,7.647917e-03,2.386968e-01,9.796987e-03,2.465299e-01,0.9999999999
1715.6222,2.054484e-01,7.650537e-03,2.381631e-01,9.929578e-03,2.496550e-01,0.9999999999
1718.9665,2.028259e-01,7.649251e-03,2.377369e-01,1.006391e-02,2.527230e-01,0.9999999999
1722.3108,2.001715e-01,7.660828e-03,2.371854e-01,1.018320e-02,2.559447e-01,0.9999999999
1725.6551,1.975993e-01,7.664936e-03,2.366266e-01,1.032049e-02,2.590776e-01,0.9999999999
1728.9994,1.949621e-01,7.666948e-03,2.360915e-01,1.043431e-02,2.623350e-01,0.9999999999
1732.3437,1.923831e-01,7.680999e-03,2.354628e-01,1.055476e-02,2.655554e-01,0.9999999999
1735.6880,1.898075e-01,7.686639e-03,2.348174e-01,1.067559e-02,2.688567e-01,0.9999999999
1739.0323,1.872265e-01,7.692436e-03,2.342226e-01,1.078270e-02,2.721349e-01,0.9999999999
1742.3765,1.846684e-01,7.709256e-03,2.334787e-01,1.089221e-02,2.755091e-01,0.9999999999
1745.7208,1.821330e-01,7.712674e-03,2.328127e-01,1.100216e-02,2.788174e-01,0.9999999999
1749.0651,1.795703e-01,7.729693e-03,2.320914e-01,1.109337e-02,2.822649e-01,0.9999999999
1752.4094,1.770664e-01,7.738498e-03,2.313065e-01,1.119898e-02,2.856324e-01,0.9999999999
1755.7537,1.745465e-01,7.752106e-03,2.305796e-01,1.128781e-02,2.891041e-01,0.9999999999
1759.0980,1.720197e-01,7.765133e-03,2.297576e-01,1.136948e-02,2.925379e-01,0.9999999999
1762.4423,1.695617e-01,7.782280e-03,2.289452e-01,1.146357e-02,2.960840e-01,0.9999999999
1765.7866,1.670538e-01,7.788857e-03,2.281361e-01,1.153229e-02,2.995123e-01,0.9999999999
1769.1309,1.645833e-01,7.813891e-03,2.272563e-01,1.160693e-02,3.031266e-01,0.9999999999
1772.4752,1.621426e-01,7.821043e-03,2.263989e-01,1.167875e-02,3.066474e-01,0.9999999999
1775.8195,1.596729e-01,7.841279e-03,2.255158e-01,1.173861e-02,3.102065e-01,0.9999999999
1779.1638,1.572512e-01,7.853782e-03,2.246025e-01,1.179263e-02,3.138437e-01,0.9999999999
1782.5081,1.548150e-01,7.875391e-03,2.236783e-01,1.185411e-02,3.174403e-01,0.9999999999
1785.8524,1.524186e-01,7.882817e-03,2.227683e-01,1.188948e-02,3.210455e-01,0.9999999999
1789.1966,1.499991e-01,7.909949e-03,2.217754e-01,1.193922e-02,3.247635e-01,0.9999999999
1792.5409,1.476263e-01,7.914817e-03,2.208518e-01,1.197184e-02,3.283534e-01,0.9999999999
1795.8852,1.452401e-01,7.941011e-03,2.198600e-01,1.199913e-02,3.320859e-01,0.9999999999
1799.2295,1.428911e-01,7.949148e-03,2.188575e-01,1.202839e-02,3.357755e-01,0.9999999999
1802.5738,1.405197e-01,7.969069e-03,2.178767e-01,1.204644e-02,3.394463e-01,0.9999999999
1805.9181,1.382077e-01,7.980890e-03,2.168711e-01,1.205226e-02,3.432245e-01,0.9999999999
1809.2624,1.358659e-01,8.000470e-03,2.158076e-01,1.207222e-02,3.469088e-01,0.9999999999
1812.6067,1.335661e-01,8.005300e-03,2.148422e-01,1.206481e-02,3.506689e-01,0.9999999999
1815.9510,1.312683e-01,8.029324e-03,2.137423e-01,1.206077e-02,3.544188e-01,0.9999999999
1819.2953,1.289835e-01,8.030246e-03,2.127312e-01,1.205995e-02,3.581884e-01,0.9999999999
1822.6396,1.267277e-01,8.052889e-03,2.116753e-01,1.203666e-02,3.619104e-01,0.9999999999
1825.9839,1.244594e-01,8.049723e-03,2.105836e-01,1.201671e-02,3.657454e-01,0.9999999999
1829.3282,1.222404e-01,8.071261e-03,2.095651e-01,1.200048e-02,3.694703e-01,0.9999999999
1832.6724,1.200065e-01,8.069075e-03,2.084541e-01,1.195549e-02,3.732567e-01,0.9999999999
1836.0167,1.178091e-01,8.080889e-03,2.073800e-01,1.192970e-02,3.770751e-01,0.9999999999
1839.3610,1.156150e-01,8.078691e-03,2.063294e-01,1.188572e-02,3.808090e-01,0.9999999999
1842.7053,1.134493e-01,8.090796e-03,2.052106e-01,1.183474e-02,3.846166e-01,0.9999999999
1846.0496,1.112857e-01,8.079484e-03,2.041234e-01,1.178948e-02,3.884235e-01,0.9999999999
1849.3939,1.091574e-01,8.088682e-03,2.030677e-01,1.173015e-02,3.921473e-01,0.9999999999
1852.7382,1.070265e-01,8.077317e-03,2.019233e-01,1.166645e-02,3.959849e-01,0.9999999999
1856.0825,1.049393e-01,8.076964e-03,2.008714e-01,1.160702e-02,3.997385e-01,0.9999999999
1859.4268,1.028331e-01,8.064741e-03,1.997432e-01,1.153146e-02,4.034859e-01,0.9999999999
1862.7711,1.008022e-01,8.056718e-03,1.986685e-01,1.145666e-02,4.073028e-01,0.9999999999
1866.1154,9.871638e-02,8.041279e-03,1.975515e-01,1.138461e-02,4.110244e-01,0.9999999999
1869.4597,9.672761e-02,8.029250e-03,1.964711e-01,1.129310e-02,4.147688e-01,0.9999999999
1872.8040,9.470198e-02,8.003123e-03,1.953470e-01,1.121000e-02,4.185707e-01,0.9999999999
1876.1483,9.271930e-02,7.989496e-03,1.942836e-01,1.112442e-02,4.222238e-01,0.9999999999
1879.4925,9.076194e-02,7.960674e-03,1.931541e-01,1.102096e-02,4.260178e-01,0.9999999999
1882.8368,8.881932e-02,7.930593e-03,1.920691e-01,1.092895e-02,4.296887e-01,0.9999999999
1886.1811,8.688660e-02,7.904327e-03,1.909902e-01,1.083192e-02,4.334169e-01,0.9999999999
1889.5254,8.501032e-02,7.867491e-03,1.898673e-01,1.071699e-02,4.370706e-01,0.9999999999
1892.8697,8.310990e-02,7.827532e-03,1.887915e-01,1.062223e-02,4.408023e-01,0.9999999999
1896.2140,8.127854e-02,7.791107e-03,1.877181e-01,1.050485e-02,4.443857e-01,0.9999999999
1899.5583,7.943687e-02,7.741730e-03,1.865847e-01,1.039446e-02,4.481137e-01,0.9999999999
1902.9026,7.763079e-02,7.695011e-03,1.855498e-01,1.028304e-02,4.516702e-01,0.9999999999
1906.2469,7.586014e-02,7.645538e-03,1.844412e-01,1.016065e-02,4.553352e-01,0.9999999999
1909.5912,7.409241e-02,7.584563e-03,1.833462e-01,1.004486e-02,4.588910e-01,0.9999999999
1912.9355,7.236111e-02,7.529221e-03,1.823123e-01,9.927451e-03,4.625108e-01,0.9999999999
1916.2798,7.066044e-02,7.466647e-03,1.811929e-01,9.793520e-03,4.660051e-01,0.9999999999
1919.6241,6.897839e-02,7.395786e-03,1.801378e-01,9.683472e-03,4.696216e-01,0.9999999999
1922.9684,6.730746e-02,7.328109e-03,1.790866e-01,9.546350e-03,4.730716e-01,0.9999999999
1926.3126,6.570172e-02,7.256173e-03,1.779769e-01,9.425264e-03,4.765997e-01,0.9999999999
1929.6569,6.408200e-02,7.170235e-03,1.769624e-01,9.293075e-03,4.800833e-01,0.9999999999
1933.0012,6.250087e-02,7.098970e-03,1.758632e-01,9.169614e-03,4.835158e-01,0.9999999999
1936.3455,6.097303e-02,7.004515e-03,1.748234e-01,9.030621e-03,4.869503e-01,0.9999999999
1939.6898,5.942193e-02,6.920701e-03,1.737686e-01,8.909770e-03,4.903861e-01,0.9999999999
1943.0341,5.794621e-02,6.827375e-03,1.727159e-01,8.769148e-03,4.937235e-01,0.9999999999
1946.3784,5.647106e-02,6.729954e-03,1.716457e-01,8.644504e-03,4.971357e-01,0.9999999999
1949.7227,5.502481e-02,6.629956e-03,1.706480e-01,8.507122e-03,5.004270e-01,0.9999999999
1953.0670,5.362079e-02,6.533436e-03,1.695491e-01,8.378677e-03,5.037736e-01,0.9999999999
1956.4113,5.223078e-02,6.416127e-03,1.685427e-01,8.241882e-03,5.070457e-01,0.9999999999
1959.7556,5.086656e-02,6.318191e-03,1.674961e-01,8.115295e-03,5.102927e-01,0.9999999999
1963.0999,4.955254e-02,6.200890e-03,1.664650e-01,7.976348e-03,5.135709e-01,0.9999999999
1966.4442,4.823530e-02,6.084636e-03,1.654082e-01,7.850636e-03,5.167246e-01,0.9999999999
1969.7885,4.696634e-02,5.969383e-03,1.644239e-01,7.714152e-03,5.199570e-01,0.9999999999
1973.1327,4.573029e-02,5.851907e-03,1.633396e-01,7.586585e-03,5.230825e-01,0.9999999999
1976.4770,4.449398e-02,5.719095e-03,1.623652e-01,7.454065e-03,5.262246e-01,0.9999999999
1979.8213,4.332316e-02,5.608083e-03,1.613067e-01,7.324684e-03,5.293254e-01,0.9999999999
1983.1656,4.214860e-02,5.468412e-03,1.602916e-01,7.195664e-03,5.323955e-01,0.9999999999
1986.5099,4.102149e-02,5.346670e-03,1.592956e-01,7.068929e-03,5.354548e-01,0.9999999999
1989.8542,3.990932e-02,5.214233e-03,1.582419e-01,6.937056e-03,5.384573e-01,0.9999999999
1993.1985,3.884267e-02,5.080276e-03,1.572444e-01,6.817092e-03,5.414604e-01,0.9999999999
1996.5428,3.777119e-02,4.946843e-03,1.562481e-01,6.686081e-03,5.444324e-01,0.9999999999
1999.8871,3.677221e-02,4.816429e-03,1.551909e-01,6.565304e-03,5.473423e-01,0.9999999999
2003.2314,3.575377e-02,4.670792e-03,1.542229e-01,6.440528e-03,5.502738e-01,0.9999999999
2006.5757,3.479780e-02,4.545265e-03,1.531988e-01,6.319163e-03,5.531495e-01,0.9999999999
2009.9200,3.384670e-02,4.400017e-03,1.521723e-01,6.199815e-03,5.559893e-01,0.9999999999
2013.2643,3.293870e-02,4.264669e-03,1.512044e-01,6.077917e-03,5.588179e-01,0.9999999999
2016.6086,3.203243e-02,4.128864e-03,1.501630e-01,5.961439e-03,5.616204e-01,0.9999999999
2019.9528,3.119052e-02,3.988536e-03,1.491762e-01,5.846943e-03,5.643837e-01,0.9999999999
2023.2971,3.032674e-02,3.850475e-03,1.481813e-01,5.727846e-03,5.670941e-01,0.9999999999
2026.6414,2.953196e-02,3.718174e-03,1.471584e-01,5.615735e-03,5.698590e-01,0.9999999999
2029.9857,2.873280e-02,3.575367e-03,1.461761e-01,5.506732e-03,5.724941e-01,0.9999999999
2033.3300,2.797088e-02,3.444073e-03,1.451744e-01,5.390671e-03,5.751416e-01,0.9999999999
2036.6743,2.723017e-02,3.310146e-03,1.441710e-01,5.285155e-03,5.778354e-01,0.9999999999
2040.0186,2.651806e-02,3.172808e-03,1.431732e-01,5.176537e-03,5.803254e-01,0.9999999999
2043.3629,2.581366e-02,3.046041e-03,1.421953e-01,5.071438e-03,5.830008e-01,0.9999999999
2046.7072,2.516106e-02,2.913635e-03,1.411711e-01,4.963906e-03,5.854598e-01,0.9999999999
2050.0515,2.449563e-02,2.784131e-03,1.402109e-01,4.866009e-03,5.880237e-01,0.9999999999
2053.3958,2.388457e-02,2.661874e-03,1.391940e-01,4.758956e-03,5.904850e-01,0.9999999999
2056.7401,2.327438e-02,2.534214e-03,1.382123e-01,4.665341e-03,5.929537e-01,0.9999999999
2060.0844,2.269460e-02,2.413850e-03,1.372329e-01,4.561365e-03,5.953620e-01,0.9999999999
2063.4287,2.213373e-02,2.295873e-03,1.362291e-01,4.468883e-03,5.978211e-01,0.9999999999
2066.7729,2.159467e-02,2.177263e-03,1.352429e-01,4.373144e-03,6.001094e-01,0.9999999999
2070.1172,2.107313e-02,2.064709e-03,1.342869e-01,4.278804e-03,6.025446e-01,0.9999999999
2073.4615,2.057341e-02,1.953951e-03,1.332559e-01,4.186264e-03,6.048219e-01,0.9999999999
2076.8058,2.009391e-02,1.845007e-03,1.323169e-01,4.102176e-03,6.071100e-01,0.9999999999
2080.1501,1.962865e-02,1.740904e-03,1.313169e-01,4.002129e-03,6.094114e-01,0.9999999999
2083.4944,1.918788e-02,1.639632e-03,1.303361e-01,3.929205e-03,6.116399e-01,0.9999999999
2086.8387,1.876124e-02,1.539374e-03,1.293802e-01,3.831619e-03,6.138319e-01,0.9999999999
2090.1830,1.834899e-02,1.447093e-03,1.283760e-01,3.755028e-03,6.160685e-01,0.9999999999
2093.5273,1.796631e-02,1.352642e-03,1.274362e-01,3.670506e-03,6.182095e-01,0.9999999999
2096.8716,1.758023e-02,1.265836e-03,1.264488e-01,3.590211e-03,6.203233e-01,0.9999999999
2100.2159,1.723133e-02,1.181244e-03,1.254807e-01,3.508061e-03,6.225024e-01,0.9999999999
2103.5602,1.688300e-02,1.098784e-03,1.245289e-01,3.438141e-03,6.245318e-01,0.9999999999
2106.9045,1.655609e-02,1.021440e-03,1.235652e-01,3.350926e-03,6.266149e-01,0.9999999999
2110.2488,1.624490e-02,9.482074e-04,1.225925e-01,3.286499e-03,6.286806e-01,0.9999999999
2113.5930,1.594479e-02,8.750951e-04,1.216625e-01,3.206827e-03,6.306559e-01,0.9999999999
2116.9373,1.566076e-02,8.099819e-04,1.206923e-01,3.137999e-03,6.326677e-01,0.9999999999
2120.2816,1.539122e-02,7.447325e-04,1.197529e-01,3.065942e-03,6.346571e-01,0.9999999999
2123.6259,1.513035e-02,6.847050e-04,1.188052e-01,2.999924e-03,6.365349e-01,0.9999999999
2126.9702,1.488964e-02,6.274023e-04,1.178745e-01,2.927741e-03,6.385504e-01,0.9999999999
2130.3145,1.465433e-02,5.738586e-04,1.169216e-01,2.868393e-03,6.403586e-01,0.9999999999
2133.6588,1.443227e-02,5.227203e-04,1.160117e-01,2.796516e-03,6.422781e-01,0.9999999999
2137.0031,1.422935e-02,4.760516e-04,1.150651e-01,2.738650e-03,6.441490e-01,0.9999999999
2140.3474,1.402246e-02,4.309089e-04,1.141547e-01,2.675807e-03,6.459173e-01,0.9999999999
2143.6917,1.384587e-02,3.901041e-04,1.132392e-01,2.612588e-03,6.477764e-01,0.9999999999
2147.0360,1.365705e-02,3.515753e-04,1.123100e-01,2.556069e-03,6.495664e-01,0.9999999999
2150.3803,1.350472e-02,3.157526e-04,1.114291e-01,2.500088e-03,6.512681e-01,0.9999999999
2153.7246,1.333295e-02,2.830083e-04,1.105035e-01,2.436686e-03,6.530888e-01,0.9999999999
2157.0689,1.319829e-02,2.525619e-04,1.096206e-01,2.390612e-03,6.547682e-01,0.9999999999
2160.4131,1.304956e-02,2.248044e-04,1.087331e-01,2.329581e-03,6.564604e-01,0.9999999999
2163.7574,1.292870e-02,1.993510e-04,1.078325e-01,2.280359e-03,6.581735e-01,0.9999999999
2167.1017,1.279654e-02,1.757615e-04,1.069766e-01,2.229283e-03,6.598208e-01,0.9999999999
2170.4460,1.269449e-02,1.551562e-04,1.060929e-01,2.177280e-03,6.614355e-01,0.9999999999
2173.7903,1.257724e-02,1.358735e-04,1.052192e-01,2.130209e-03,6.631050e-01,0.9999999999
2177.1346,1.248685e-02,1.182183e-04,1.043869e-01,2.083223e-03,6.646728e-01,0.9999999999
2180.4789,1.238853e-02,1.036201e-04,1.035103e-01,2.033808e-03,6.662451e-01,0.9999999999
2183.8232,1.230839e-02,8.899984e-05,1.026742e-01,1.993040e-03,6.678667e-01,0.9999999999
2187.1675,1.222329e-02,7.731449e-05,1.018473e-01,1.946270e-03,6.693363e-01,0.9999999999
2190.5118,1.215755e-02,6.600148e-05,1.009983e-01,1.903696e-03,6.709136e-01,0.9999999999
2193.8561,1.208098e-02,5.689389e-05,1.001956e-01,1.864704e-03,6.724375e-01,0.9999999999
2197.2004,1.202702e-02,4.811692e-05,9.936109e-02,1.821366e-03,6.738440e-01,0.9999999999
2200.5447,1.196424e-02,4.113766e-05,9.857344e-02,1.783990e-03,6.754528e-01,0.9999999999
2203.8889,1.191394e-02,3.453583e-05,9.775698e-02,1.746526e-03,6.767750e-01,0.9999999999
2207.2332,1.186375e-02,2.956055e-05,9.697949e-02,1.708215e-03,6.783131e-01,0.9999999999
2210.5775,1.182383e-02,2.433927e-05,9.617816e-02,1.672986e-03,6.797050e-01,0.9999999999
2213.9218,1.177648e-02,2.093838e-05,9.542974e-02,1.640896e-03,6.810996e-01,0.9999999999
2217.2661,1.174665e-02,1.734815e-05,9.462952e-02,1.602710e-03,6.825205e-01,0.9999999999
2220.6104,1.170734e-02,1.462159e-05,9.389631e-02,1.575457e-03,6.839024e-01,0.9999999999
2223.9547,1.168004e-02,1.237502e-05,9.313436e-02,1.541604e-03,6.852259e-01,0.9999999999
2227.2990,1.164894e-02,1.054603e-05,9.239054e-02,1.511183e-03,6.866331e-01,0.9999999999
2230.6433,1.162389e-02,8.818192e-06,9.165642e-02,1.484310e-03,6.879318e-01,0.9999999999
2233.9876,1.160083e-02,7.938807e-06,9.094287e-02,1.455086e-03,6.892549e-01,0.9999999999
2237.3319,1.157617e-02,6.625136e-06,9.019596e-02,1.427170e-03,6.905915e-01,0.9999999999
2240.6762,1.155493e-02,6.176287e-06,8.952429e-02,1.405237e-03,6.918569e-01,0.9999999999
2244.0205,1.153884e-02,5.515148e-06,8.879117e-02,1.375097e-03,6.931538e-01,0.9999999999
2247.3648,1.151383e-02,5.176522e-06,8.811238e-02,1.357087e-03,6.944300e-01,0.9999999999
2250.7090,1.149945e-02,4.972138e-06,8.743454e-02,1.330147e-03,6.956862e-01,0.9999999999
2254.0533,1.147926e-02,5.011207e-06,8.673837e-02,1.310839e-03,6.969047e-01,0.9999999999
2257.3976,1.146204e-02,4.917042e-06,8.609145e-02,1.289958e-03,6.982195e-01,0.9999999999
2260.7419,1.144071e-02,5.380214e-06,8.541902e-02,1.270229e-03,6.993273e-01,0.9999999999
2264.0862,1.142584e-02,5.554045e-06,8.476608e-02,1.250838e-03,7.006659e-01,0.9999999999
2267.4305,1.140122e-02,6.304216e-06,8.413756e-02,1.236151e-03,7.017763e-01,0.9999999999
2270.7748,1.138357e-02,6.895105e-06,8.347608e-02,1.215657e-03,7.030196e-01,0.9999999999
2274.1191,1.136027e-02,7.904254e-06,8.287361e-02,1.203719e-03,7.041958e-01,0.9999999999
2277.4634,1.133450e-02,9.102732e-06,8.223926e-02,1.187214e-03,7.053669e-01,0.9999999999
2280.8077,1.131279e-02,1.061085e-05,8.162434e-02,1.174118e-03,7.065294e-01,0.9999999999
2284.1520,1.128215e-02,1.206435e-05,8.102698e-02,1.161677e-03,7.077205e-01,0.9999999999
2287.4963,1.125168e-02,1.467817e-05,8.043082e-02,1.150474e-03,7.088163e-01,0.9999999999
2290.8406,1.122377e-02,1.667735e-05,7.982018e-02,1.138296e-03,7.100271e-01,0.9999999999
2294.1849,1.118442e-02,1.969019e-05,7.926500e-02,1.131031e-03,7.111025e-01,0.9999999999
2297.5291,1.114757e-02,2.334267e-05,7.866557e-02,1.120079e-03,7.122797e-01,0.9999999999
2300.8734,1.111138e-02,2.676001e-05,7.810302e-02,1.113135e-03,7.133719e-01,0.9999999999
2304.2177,1.105824e-02,3.151278e-05,7.753831e-02,1.107335e-03,7.145114e-01,0.9999999999
2307.5620,1.102411e-02,3.653563e-05,7.698848e-02,1.099079e-03,7.156002e-01,0.9999999999
2310.9063,1.095860e-02,4.198568e-05,7.641236e-02,1.096630e-03,7.167395e-01,0.9999999999
2314.2506,1.091764e-02,4.871833e-05,7.590665e-02,1.091311e-03,7.177981e-01,0.9999999999
2317.5949,1.085059e-02,5.567784e-05,7.532027e-02,1.087425e-03,7.189370e-01,0.9999999999
2320.9392,1.079359e-02,6.338144e-05,7.482738e-02,1.088123e-03,7.199986e-01,0.9999999999
2324.2835,1.072313e-02,7.273768e-05,7.427020e-02,1.083289e-03,7.211055e-01,0.9999999999
2327.6278,1.066022e-02,8.167063e-05,7.375769e-02,1.085601e-03,7.221709e-01,0.9999999999
2330.9721,1.057700e-02,9.259115e-05,7.323909e-02,1.085756e-03,7.232858e-01,0.9999999999
2334.3164,1.050558e-02,1.039511e-04,7.271926e-02,1.085989e-03,7.243134e-01,0.9999999999
2337.6607,1.042056e-02,1.163969e-04,7.221061e-02,1.090481e-03,7.254434e-01,0.9999999999
2341.0050,1.033151e-02,1.294904e-04,7.171289e-02,1.092194e-03,7.264757e-01,0.9999999999
2344.3492,1.024352e-02,1.446789e-04,7.118856e-02,1.097699e-03,7.275647e-01,0.9999999999
2347.6935,1.014485e-02,1.586743e-04,7.072179e-02,1.102316e-03,7.286315e-01,0.9999999999
2351.0378,1.004546e-02,1.772070e-04,7.019765e-02,1.108678e-03,7.297021e-01,0.9999999999
2354.3821,9.942540e-03,1.923999e-04,6.971796e-02,1.115950e-03,7.307517e-01,0.9999999999
2357.7264,9.829717e-03,2.126550e-04,6.923604e-02,1.124102e-03,7.318510e-01,0.9999999999
2361.0707,9.719808e-03,2.316989e-04,6.873463e-02,1.132153e-03,7.328681e-01,0.9999999999
2364.4150,9.602349e-03,2.519743e-04,6.825805e-02,1.143860e-03,7.339934e-01,0.9999999999
2367.7593,9.475603e-03,2.735675e-04,6.778185e-02,1.152430e-03,7.349820e-01,0.9999999999
2371.1036,9.357671e-03,2.976047e-04,6.729187e-02,1.166279e-03,7.361336e-01,0.9999999999
2374.4479,9.219662e-03,3.183560e-04,6.681676e-02,1.177439e-03,7.371142e-01,0.9999999999
2377.7922,9.091462e-03,3.460626e-04,6.634891e-02,1.191889e-03,7.382417e-01,0.9999999999
2381.1365,8.951051e-03,3.689350e-04,6.585781e-02,1.205516e-03,7.392798e-01,0.9999999999
2384.4808,8.809445e-03,3.966121e-04,6.539744e-02,1.222854e-03,7.403443e-01,0.9999999999
2387.8251,8.666075e-03,4.231304e-04,6.491991e-02,1.235819e-03,7.414321e-01,0.9999999999
2391.1693,8.516586e-03,4.512470e-04,6.443611e-02,1.256781e-03,7.424810e-01,0.9999999999
2394.5136,8.363095e-03,4.788787e-04,6.398719e-02,1.272632e-03,7.435679e-01,0.9999999999
2397.8579,8.212882e-03,5.101196e-04,6.348692e-02,1.291517e-03,7.446308e-01,0.9999999999
2401.2022,8.049980e-03,5.366286e-04,6.303476e-02,1.313128e-03,7.457139e-01,0.9999999999
2404.5465,7.892488e-03,5.702504e-04,6.255463e-02,1.332343e-03,7.467864e-01,0.9999999999
2407.8908,7.728581e-03,5.984592e-04,6.207676e-02,1.354377e-03,7.478675e-01,0.9999999999
2411.2351,7.563994e-03,6.303458e-04,6.161190e-02,1.377486e-03,7.489436e-01,0.9999999999
2414.5794,7.393577e-03,6.618252e-04,6.113104e-02,1.399662e-03,7.500544e-01,0.9999999999
2417.9237,7.228856e-03,6.929207e-04,6.065006e-02,1.425516e-03,7.510828e-01,0.9999999999
2421.2680,7.051978e-03,7.239073e-04,6.019227e-02,1.448198e-03,7.522573e-01,0.9999999999
2424.6123,6.884646e-03,7.575262e-04,5.968316e-02,1.476217e-03,7.532606e-01,0.9999999999
2427.9566,6.705814e-03,7.852980e-04,5.923353e-02,1.501646e-03,7.544328e-01,0.9999999999
2431.3009,6.534369e-03,8.210688e-04,5.873315e-02,1.528114e-03,7.554647e-01,0.9999999999
2434.6452,6.356094e-03,8.484226e-04,5.825201e-02,1.558575e-03,7.566366e-01,0.9999999999
2437.9894,6.181153e-03,8.805009e-04,5.777353e-02,1.584298e-03,7.576615e-01,0.9999999999
2441.3337,6.001888e-03,9.114728e-04,5.727948e-02,1.615860e-03,7.588411e-01,0.9999999999
2444.6780,5.829060e-03,9.398673e-04,5.679047e-02,1.645152e-03,7.599145e-01,0.9999999999
2448.0223,5.646272e-03,9.687817e-04,5.630173e-02,1.675589e-03,7.610134e-01,0.9999999999
2451.3666,5.475699e-03,9.992610e-04,5.580444e-02,1.706407e-03,7.621893e-01,0.9999999999
2454.7109,5.294336e-03,1.023397e-03,5.530719e-02,1.740384e-03,7.632357e-01,0.9999999999
2458.0552,5.123338e-03,1.052989e-03,5.481445e-02,1.768695e-03,7.644101e-01,0.9999999999
2461.3995,4.945242e-03,1.077256e-03,5.429970e-02,1.805501e-03,7.655302e-01,0.9999999999
2464.7438,4.775726e-03,1.100985e-03,5.381231e-02,1.835954e-03,7.666209e-01,0.9999999999
2468.0881,4.599828e-03,1.126977e-03,5.329210e-02,1.870648e-03,7.678139e-01,0.9999999999
2471.4324,4.435285e-03,1.145998e-03,5.278603e-02,1.903207e-03,7.688897e-01,0.9999999999
2474.7767,4.259995e-03,1.169094e-03,5.228129e-02,1.940404e-03,7.700698e-01,0.9999999999
2478.1210,4.101169e-03,1.188348e-03,5.175635e-02,1.969529e-03,7.711889e-01,0.9999999999
2481.4653,3.930697e-03,1.205164e-03,5.124281e-02,2.010316e-03,7.723298e-01,0.9999999999
2484.8095,3.773810e-03,1.223284e-03,5.073156e-02,2.038920e-03,7.735002e-01,0.9999999999
2488.1538,3.611032e-03,1.238039e-03,5.019106e-02,2.078846e-03,7.746125e-01,0.9999999999
2491.4981,3.457964e-03,1.250351e-03,4.968748e-02,2.109316e-03,7.757856e-01,0.9999999999
2494.8424,3.301214e-03,1.264606e-03,4.914463e-02,2.146942e-03,7.769465e-01,0.9999999999
2498.1867,3.153247e-03,1.272082e-03,4.861926e-02,2.180185e-03,7.780673e-01,0.9999999999
2501.5310,3.004569e-03,1.282936e-03,4.809735e-02,2.214589e-03,7.792539e-01,0.9999999999
2504.8753,2.860321e-03,1.288572e-03,4.754424e-02,2.248457e-03,7.804104e-01,0.9999999999
2508.2196,2.721152e-03,1.293609e-03,4.702871e-02,2.284770e-03,7.815454e-01,0.9999999999
2511.5639,2.581166e-03,1.297382e-03,4.647621e-02,2.312680e-03,7.827279e-01,0.9999999999
2514.9082,2.451125e-03,1.299279e-03,4.594436e-02,2.353404e-03,7.839038e-01,0.9999999999
2518.2525,2.317674e-03,1.297141e-03,4.539922e-02,2.378264e-03,7.850103e-01,0.9999999999
2521.5968,2.194171e-03,1.298324e-03,4.485824e-02,2.416076e-03,7.862514e-01,0.9999999999
2524.9411,2.070136e-03,1.291290e-03,4.431301e-02,2.443880e-03,7.873594e-01,0.9999999999
2528.2854,1.952829e-03,1.287951e-03,4.376854e-02,2.476740e-03,7.885286e-01,0.9999999999
2531.6296,1.836961e-03,1.280301e-03,4.321711e-02,2.503815e-03,7.897481e-01,0.9999999999
2534.9739,1.728250e-03,1.270180e-03,4.267925e-02,2.537676e-03,7.908284e-01,0.9999999999
2538.3182,1.619037e-03,1.261643e-03,4.211922e-02,2.559026e-03,7.920689e-01,0.9999999999
2541.6625,1.519581e-03,1.247570e-03,4.157735e-02,2.593073e-03,7.931987e-01,0.9999999999
2545.0068,1.417613e-03,1.234293e-03,4.102715e-02,2.614269e-03,7.943558e-01,0.9999999999
2548.3511,1.325996e-03,1.219852e-03,4.047694e-02,2.641632e-03,7.955498e-01,0.9999999999
2551.6954,1.233180e-03,1.201322e-03,3.992231e-02,2.664447e-03,7.966818e-01,0.9999999999
2555.0397,1.147730e-03,1.184060e-03,3.938475e-02,2.688717e-03,7.978561e-01,0.9999999999
2558.3840,1.064440e-03,1.164495e-03,3.882202e-02,2.706892e-03,7.990310e-01,0.9999999999
2561.7283,9.859309e-04,1.142270e-03,3.828234e-02,2.731417e-03,8.001369e-01,0.9999999999
2565.0726,9.105365e-04,1.121440e-03,3.773478e-02,2.744793e-03,8.013777e-01,0.9999999999
2568.4169,8.397738e-04,1.096645e-03,3.717887e-02,2.767454e-03,8.024334e-01,0.9999999999
2571.7612,7.718901e-04,1.073050e-03,3.664970e-02,2.778396e-03,8.036631e-01,0.9999999999
2575.1054,7.083921e-04,1.046344e-03,3.608775e-02,2.794774e-03,8.047703e-01,0.9999999999
2578.4497,6.479023e-04,1.021081e-03,3.555980e-02,2.808913e-03,8.059278e-01,0.9999999999
2581.7940,5.914812e-04,9.916499e-04,3.501269e-02,2.814992e-03,8.070515e-01,0.9999999999
2585.1383,5.376263e-04,9.657840e-04,3.447490e-02,2.829690e-03,8.082450e-01,0.9999999999
2588.4826,4.886268e-04,9.339424e-04,3.394199e-02,2.833953e-03,8.092812e-01,0.9999999999
2591.8269,4.404565e-04,9.069855e-04,3.340462e-02,2.839436e-03,8.105271e-01,0.9999999999
2595.1712,3.985438e-04,8.744506e-04,3.287984e-02,2.846757e-03,8.115599e-01,0.9999999999
2598.5155,3.562515e-04,8.454741e-04,3.234622e-02,2.844481e-03,8.127242e-01,0.9999999999
2601.8598,3.200717e-04,8.131741e-04,3.182483e-02,2.848276e-03,8.138489e-01,0.9999999999
2605.2041,2.841040e-04,7.825640e-04,3.130782e-02,2.846242e-03,8.149307e-01,0.9999999999
2608.5484,2.526870e-04,7.504283e-04,3.078254e-02,2.840481e-03,8.160510e-01,0.9999999999
2611.8927,2.227299e-04,7.195113e-04,3.027489e-02,2.839246e-03,8.171787e-01,0.9999999999
2615.2370,1.957995e-04,6.860788e-04,2.976692e-02,2.829224e-03,8.182149e-01,0.9999999999
2618.5813,1.710133e-04,6.570534e-04,2.925522e-02,2.820988e-03,8.193639e-01,0.9999999999
2621.9255,1.486026e-04,6.221798e-04,2.876119e-02,2.811198e-03,8.204237e-01,0.9999999999
2625.2698,1.280330e-04,5.938580e-04,2.826147e-02,2.797812e-03,8.214712e-01,0.9999999999
2628.6141,1.099972e-04,5.602211e-04,2.777222e-02,2.782417e-03,8.226188e-01,0.9999999999
2631.9584,9.310093e-05,5.315013e-04,2.728214e-02,2.768759e-03,8.235788e-01,0.9999999999
2635.3027,7.883993e-05,4.990361e-04,2.680835e-02,2.746696e-03,8.247421e-01,0.9999999999
2638.6470,6.545532e-05,4.715891e-04,2.632169e-02,2.731115e-03,8.257063e-01,0.9999999999
2641.9913,5.415332e-05,4.395907e-04,2.586313e-02,2.705523e-03,8.267930e-01,0.9999999999
2645.3356,4.408001e-05,4.134740e-04,2.538821e-02,2.683930e-03,8.278330e-01,0.9999999999
2648.6799,3.532171e-05,3.832619e-04,2.493386e-02,2.659630e-03,8.288176e-01,0.9999999999
2652.0242,2.790348e-05,3.576362e-04,2.448256e-02,2.629628e-03,8.298845e-01,0.9999999999
2655.3685,2.148130e-05,3.298794e-04,2.402785e-02,2.604335e-03,8.308761e-01,0.9999999999
2658.7128,1.625301e-05,3.053647e-04,2.359618e-02,2.573027e-03,8.318555e-01,0.9999999999
2662.0571,1.173557e-05,2.792292e-04,2.315158e-02,2.539428e-03,8.329026e-01,0.9999999999
2665.4014,8.328397e-06,2.569655e-04,2.273292e-02,2.510643e-03,8.338366e-01,0.9999999999
2668.7456,5.400570e-06,2.324782e-04,2.230048e-02,2.470874e-03,8.348379e-01,0.9999999999
2672.0899,3.394431e-06,2.119094e-04,2.189290e-02,2.438653e-03,8.358165e-01,0.9999999999
2675.4342,1.759223e-06,1.899516e-04,2.148091e-02,2.400457e-03,8.367468e-01,0.9999999999
2678.7785,8.178591e-07,1.711206e-04,2.107667e-02,2.359180e-03,8.377148e-01,0.9999999999
2682.1228,1.895829e-07,1.514015e-04,2.068318e-02,2.324493e-03,8.386750e-01,0.9999999999
2685.4671,4.384971e-09,1.345226e-04,2.029731e-02,2.277934e-03,8.395454e-01,0.9999999999
2688.8114,1.223273e-07,1.175474e-04,1.990578e-02,2.239919e-03,8.405483e-01,0.9999999999
2692.1557,4.456633e-07,1.021586e-04,1.954409e-02,2.195044e-03,8.413985e-01,0.9999999999
2695.5000,1.066817e-06,8.793487e-05,1.916394e-02,2.151253e-03,8.423163e-01,0.9999999999
2698.8443,1.685930e-06,7.470753e-05,1.881073e-02,2.106551e-03,8.432445e-01,0.9999999999
2702.1886,2.620723e-06,6.252331e-05,1.845301e-02,2.061409e-03,8.440689e-01,0.9999999999
2705.5329,3.319957e-06,5.171523e-05,1.810774e-02,2.013299e-03,8.449901e-01,0.9999999999
2708.8772,4.425917e-06,4.177660e-05,1.776582e-02,1.969146e-03,8.458465e-01,0.9999999999
2712.2215,5.115517e-06,3.299520e-05,1.743616e-02,1.918285e-03,8.466548e-01,0.9999999999
2715.5657,6.099992e-06,2.544180e-05,1.710670e-02,1.872938e-03,8.475941e-01,0.9999999999
2718.9100,6.842198e-06,1.868190e-05,1.678987e-02,1.822943e-03,8.482999e-01,0.9999999999
2722.2543,7.542771e-06,1.321940e-05,1.647949e-02,1.774525e-03,8.492553e-01,0.9999999999
2725.5986,8.175189e-06,8.646007e-06,1.617041e-02,1.725260e-03,8.499658e-01,0.9999999999
2728.9429,8.654354e-06,5.070908e-06,1.587796e-02,1.677133e-03,8.508227e-01,0.9999999999
2732.2872,9.053341e-06,2.480219e-06,1.558269e-02,1.624764e-03,8.516118e-01,0.9999999999
2735.6315,9.269288e-06,8.449673e-07,1.530227e-02,1.580287e-03,8.523714e-01,0.9999999999
2738.9758,9.424012e-06,5.644238e-08,1.502232e-02,1.524638e-03,8.531682e-01,0.9999999999
2742.3201,9.363115e-06,1.541944e-07,1.475450e-02,1.481761e-03,8.539277e-01,0.9999999999
2745.6644,9.299765e-06,1.085786e-06,1.449085e-02,1.427291e-03,8.546600e-01,0.9999999999
2749.0087,8.912102e-06,2.790346e-06,1.423134e-02,1.381989e-03,8.554373e-01,0.9999999999
2752.3530,8.679028e-06,5.267886e-06,1.398664e-02,1.331553e-03,8.561412e-01,0.9999999999
2755.6973,8.058185e-06,8.336825e-06,1.373904e-02,1.284338e-03,8.568697e-01,0.9999999999
2759.0416,7.588787e-06,1.230466e-05,1.350186e-02,1.235491e-03,8.576061e-01,0.9999999999
2762.3858,6.858984e-06,1.657954e-05,1.327798e-02,1.190282e-03,8.582703e-01,0.9999999999
2765.7301,6.181393e-06,2.169176e-05,1.304408e-02,1.140136e-03,8.589902e-01,0.9999999999
2769.0744,5.427799e-06,2.718123e-05,1.283546e-02,1.098830e-03,8.596837e-01,0.9999999999
2772.4187,4.601982e-06,3.320058e-05,1.262048e-02,1.047948e-03,8.603069e-01,0.9999999999
2775.7630,3.853088e-06,3.962660e-05,1.241265e-02,1.008298e-03,8.610404e-01,0.9999999999
2779.1073,3.072379e-06,4.655462e-05,1.222058e-02,9.605868e-04,8.616419e-01,0.9999999999
2782.4516,2.309748e-06,5.357492e-05,1.202017e-02,9.196555e-04,8.622927e-01,0.9999999999
2785.7959,1.669832e-06,6.118953e-05,1.183816e-02,8.762264e-04,8.629833e-01,0.9999999999
2789.1402,1.066008e-06,6.895474e-05,1.165450e-02,8.356514e-04,8.635009e-01,0.9999999999
2792.4845,5.779620e-07,7.665013e-05,1.148013e-02,7.940985e-04,8.642573e-01,0.9999999999
2795.8288,2.342956e-07,8.508569e-05,1.130891e-02,7.559875e-04,8.647275e-01,0.9999999999
2799.1731,3.574657e-08,9.308577e-05,1.114668e-02,7.159680e-04,8.654329e-01,0.9999999999
2802.5174,1.703942e-08,1.014587e-04,1.098557e-02,6.796780e-04,8.659642e-01,0.9999999999
2805.8617,1.828264e-07,1.097593e-04,1.083384e-02,6.425184e-04,8.665615e-01,0.9999999999
2809.2059,6.291765e-07,1.182968e-04,1.068480e-02,6.071687e-04,8.671398e-01,0.9999999999
2812.5502,1.196160e-06,1.262514e-04,1.054208e-02,5.732222e-04,8.677026e-01,0.9999999999
2815.8945,2.224526e-06,1.347828e-04,1.040414e-02,5.396270e-04,8.682384e-01,0.9999999999
2819.2388,3.294058e-06,1.428113e-04,1.027061e-02,5.073924e-04,8.688306e-01,0.9999999999
2822.5831,4.919928e-06,1.506702e-04,1.014487e-02,4.771458e-04,8.693086e-01,0.9999999999
2825.9274,6.637198e-06,1.585035e-04,1.001711e-02,4.460571e-04,8.699039e-01,0.9999999999
2829.2717,8.916333e-06,1.663528e-04,9.904288e-03,4.186859e-04,8.703761e-01,0.9999999999
2832.6160,1.130982e-05,1.729200e-04,9.786097e-03,3.897765e-04,8.709186e-01,0.9999999999
2835.9603,1.436084e-05,1.812334e-04,9.677026e-03,3.643093e-04,8.714270e-01,0.9999999999
2839.3046,1.744207e-05,1.864609e-04,9.575748e-03,3.384676e-04,8.719103e-01,0.9999999999
2842.6489,2.137863e-05,1.944128e-04,9.470286e-03,3.139570e-04,8.724191e-01,0.9999999999
2845.9932,2.510691e-05,1.993459e-04,9.375173e-03,2.918671e-04,8.729090e-01,0.9999999999
2849.3375,3.000481e-05,2.059771e-04,9.287859e-03,2.683879e-04,8.733608e-01,0.9999999999
2852.6818,3.454705e-05,2.104616e-04,9.188696e-03,2.487715e-04,8.738723e-01,0.9999999999
2856.0260,4.014927e-05,2.166819e-04,9.117767e-03,2.281448e-04,8.743089e-01,0.9999999999
2859.3703,4.578012e-05,2.196326e-04,9.025220e-03,2.094539e-04,8.747656e-01,0.9999999999
2862.7146,5.206382e-05,2.255326e-04,8.956498e-03,1.919381e-04,8.752614e-01,0.9999999999
2866.0589,5.863545e-05,2.276938e-04,8.880056e-03,1.748750e-04,8.756308e-01,0.9999999999
2869.4032,6.579137e-05,2.322973e-04,8.810373e-03,1.591771e-04,8.761593e-01,0.9999999999
2872.7475,7.322770e-05,2.338830e-04,8.746309e-03,1.446097e-04,8.765236e-01,0.9999999999
2876.0918,8.115803e-05,2.376391e-04,8.681393e-03,1.302463e-04,8.769791e-01,0.9999999999
2879.4361,8.967448e-05,2.380935e-04,8.624379e-03,1.178826e-04,8.774260e-01,0.9999999999
2882.7804,9.806342e-05,2.410701e-04,8.565828e-03,1.053110e-04,8.777809e-01,0.9999999999
2886.1247,1.078447e-04,2.406045e-04,8.515698e-03,9.444070e-05,8.782666e-01,0.9999999999
2889.4690,1.166753e-04,2.427377e-04,8.463192e-03,8.385196e-05,8.786158e-01,0.9999999999
2892.8133,1.273992e-04,2.411646e-04,8.418143e-03,7.442751e-05,8.790437e-01,0.9999999999
2896.1576,1.370541e-04,2.426853e-04,8.372922e-03,6.543157e-05,8.794452e-01,0.9999999999
2899.5019,1.483121e-04,2.399821e-04,8.333509e-03,5.752216e-05,8.798134e-01,0.9999999999
2902.8461,1.588678e-04,2.407097e-04,8.291389e-03,4.999695e-05,8.802302e-01,0.9999999999
2906.1904,1.707018e-04,2.375222e-04,8.260682e-03,4.333746e-05,8.805898e-01,0.9999999999
2909.5347,1.818448e-04,2.363766e-04,8.223024e-03,3.725573e-05,8.809800e-01,0.9999999999
2912.8790,1.945388e-04,2.339704e-04,8.193291e-03,3.172082e-05,8.813577e-01,0.9999999999
2916.2233,2.057616e-04,2.305432e-04,8.167813e-03,2.690527e-05,8.817141e-01,0.9999999999
2919.5676,2.196102e-04,2.280497e-04,8.136746e-03,2.233692e-05,8.820977e-01,0.9999999999
2922.9119,2.307543e-04,2.243322e-04,8.116680e-03,1.874887e-05,8.824546e-01,0.9999999999
2926.2562,2.454028e-04,2.200625e-04,8.095178e-03,1.498241e-05,8.827983e-01,0.9999999999
2929.6005,2.568051e-04,2.165925e-04,8.071026e-03,1.235911e-05,8.831971e-01,0.9999999999
2932.9448,2.717729e-04,2.114959e-04,8.060706e-03,9.545097e-06,8.834864e-01,0.9999999999
2936.2891,2.837318e-04,2.069943e-04,8.038390e-03,7.471667e-06,8.839063e-01,0.9999999999
2939.6334,2.984784e-04,2.019973e-04,8.028038e-03,5.636652e-06,8.841932e-01,0.9999999999
2942.9777,3.112502e-04,1.964571e-04,8.017483e-03,4.051545e-06,8.845746e-01,0.9999999999
2946.3219,3.256676e-04,1.912560e-04,8.001628e-03,2.867307e-06,8.849007e-01,0.9999999999
2949.6662,3.388406e-04,1.852727e-04,8.001276e-03,1.884708e-06,8.852439e-01,0.9999999999
2953.0105,3.531304e-04,1.794500e-04,7.985545e-03,1.105175e-06,8.855653e-01,0.9999999999
2956.3548,3.666591e-04,1.734148e-04,7.988272e-03,6.319716e-07,8.859394e-01,0.9999999999
2959.6991,3.803555e-04,1.671290e-04,7.976957e-03,2.221785e-07,8.862018e-01,0.9999999999
2963.0434,3.944179e-04,1.607094e-04,7.980594e-03,6.832452e-08,8.866130e-01,0.9999999999
2966.3877,4.075655e-04,1.544822e-04,7.974657e-03,1.334711e-09,8.868695e-01,0.9999999999
2969.7320,4.216258e-04,1.475586e-04,7.976750e-03,5.112033e-08,8.872319e-01,0.9999999999
2973.0763,4.344843e-04,1.415028e-04,7.977898e-03,2.337285e-07,8.875590e-01,0.9999999999
2976.4206,4.482459e-04,1.341093e-04,7.979101e-03,4.261714e-07,8.878444e-01,0.9999999999
2979.7649,4.610857e-04,1.283695e-04,7.982171e-03,7.732010e-07,8.882150e-01,0.9999999999
2983.1092,4.738050e-04,1.207870e-04,7.988805e-03,1.035926e-06,8.884860e-01,0.9999999999
2986.4535,4.870062e-04,1.147688e-04,7.989438e-03,1.484459e-06,8.888370e-01,0.9999999999
2989.7978,4.988699e-04,1.080343e-04,7.999882e-03,1.761356e-06,8.891354e-01,0.9999999999
2993.1420,5.114265e-04,1.011448e-04,8.003941e-03,2.252329e-06,8.894529e-01,0.9999999999
2996.4863,5.231800e-04,9.524751e-05,8.011278e-03,2.489380e-06,8.897743e-01,0.9999999999
2999.8306,5.348367e-04,8.837302e-05,8.020881e-03,2.978964e-06,8.900728e-01,0.9999999999
3003.1749,5.460742e-04,8.232302e-05,8.028597e-03,3.163027e-06,8.903971e-01,0.9999999999
3006.5192,5.570331e-04,7.635555e-05,8.036067e-03,3.560928e-06,8.907058e-01,0.9999999999
3009.8635,5.677077e-04,6.988991e-05,8.050371e-03,3.711173e-06,8.909963e-01,0.9999999999
3013.2078,5.778641e-04,6.469279e-05,8.053682e-03,3.994884e-06,8.913529e-01,0.9999999999
3016.5521,5.875733e-04,5.851693e-05,8.070760e-03,4.034176e-06,8.915871e-01,0.9999999999
3019.8964,5.974694e-04,5.335013e-05,8.076290e-03,4.267936e-06,8.919859e-01,0.9999999999
3023.2407,6.058414e-04,4.807333e-05,8.089816e-03,4.134075e-06,8.922024e-01,0.9999999999
3026.5850,6.151018e-04,4.295133e-05,8.100450e-03,4.302838e-06,8.925858e-01,0.9999999999
3029.9293,6.227416e-04,3.825063e-05,8.110195e-03,4.074950e-06,8.928366e-01,0.9999999999
3033.2736,6.308445e-04,3.368056e-05,8.123922e-03,4.047903e-06,8.931848e-01,0.9999999999
3036.6179,6.379455e-04,2.933212e-05,8.132150e-03,3.879743e-06,8.934494e-01,0.9999999999
3039.9621,6.445113e-04,2.539970e-05,8.145801e-03,3.571730e-06,8.938095e-01,0.9999999999
3043.3064,6.515412e-04,2.151418e-05,8.155795e-03,3.470428e-06,8.940463e-01,0.9999999999
3046.6507,6.563248e-04,1.815764e-05,8.165263e-03,3.031899e-06,8.944267e-01,0.9999999999
3049.9950,6.628057e-04,1.490527e-05,8.180596e-03,2.814357e-06,8.946691e-01,0.9999999999
3053.3393,6.666227e-04,1.196598e-05,8.183177e-03,2.447194e-06,8.950138e-01,0.9999999999
3056.6836,6.719984e-04,9.531969e-06,8.203184e-03,2.080197e-06,8.953081e-01,0.9999999999
3060.0279,6.746625e-04,7.033202e-06,8.203179e-03,1.761592e-06,8.956081e-01,0.9999999999
3063.3722,6.795459e-04,5.261083e-06,8.220232e-03,1.388223e-06,8.959224e-01,0.9999999999
3066.7165,6.805820e-04,3.453901e-06,8.224552e-03,1.066490e-06,8.962325e-01,0.9999999999
3070.0608,6.848750e-04,2.202148e-06,8.235365e-03,7.600661e-07,8.965178e-01,0.9999999999
3073.4051,6.848375e-04,1.140922e-06,8.241409e-03,4.867311e-07,8.968617e-01,0.9999999999
3076.7494,6.878742e-04,4.497706e-07,8.252012e-03,2.703177e-07,8.971231e-01,0.9999999999
3080.0937,6.873707e-04,7.429751e-08,8.253639e-03,1.003859e-07,8.974791e-01,0.9999999999
3083.4380,6.885765e-04,1.640534e-08,8.266277e-03,1.783348e-08,8.977398e-01,0.9999999999
3086.7822,6.881434e-04,2.960853e-07,8.264786e-03,1.176738e-08,8.980915e-01,0.9999999999
3090.1265,6.873201e-04,8.227579e-07,8.276365e-03,8.815585e-08,8.983650e-01,0.9999999999
3093.4708,6.867469e-04,1.851555e-06,8.273753e-03,3.154287e-07,8.986936e-01,0.9999999999
3096.8151,6.843782e-04,2.880615e-06,8.283048e-03,6.032166e-07,8.990084e-01,0.9999999999
3100.1594,6.832680e-04,4.629483e-06,8.280250e-03,1.098367e-06,8.992833e-01,0.9999999999
3103.5037,6.797810e-04,6.241780e-06,8.285691e-03,1.652436e-06,8.996556e-01,0.9999999999
3106.8480,6.776434e-04,8.589682e-06,8.283531e-03,2.510537e-06,8.998914e-01,0.9999999999
3110.1923,6.735583e-04,1.084954e-05,8.285638e-03,3.299609e-06,9.002726e-01,0.9999999999
3113.5366,6.704080e-04,1.371027e-05,8.281647e-03,4.640179e-06,9.005381e-01,0.9999999999
3116.8809,6.651047e-04,1.663006e-05,8.283305e-03,5.738852e-06,9.008655e-01,0.9999999999
3120.2252,6.619810e-04,2.004928e-05,8.275438e-03,7.461069e-06,9.011921e-01,0.9999999999
3123.5695,6.548021e-04,2.339678e-05,8.276196e-03,9.152350e-06,9.014761e-01,0.9999999999
3126.9138,6.517313e-04,2.757916e-05,8.267118e-03,1.111888e-05,9.018222e-01,0.9999999999
3130.2581,6.433595e-04,3.125812e-05,8.262682e-03,1.345457e-05,9.021113e-01,0.9999999999
3133.6023,6.395572e-04,3.598343e-05,8.256629e-03,1.595284e-05,9.024459e-01,0.9999999999
3136.9466,6.307454e-04,4.031245e-05,8.243917e-03,1.859679e-05,9.027430e-01,0.9999999999
3140.2909,6.257054e-04,4.520849e-05,8.241149e-03,2.196920e-05,9.030835e-01,0.9999999999
3143.6352,6.169417e-04,5.036754e-05,8.223277e-03,2.495282e-05,9.033702e-01,0.9999999999
3146.9795,6.106310e-04,5.533301e-05,8.217633e-03,2.895782e-05,9.037178e-01,0.9999999999
3150.3238,6.014157e-04,6.120547e-05,8.201583e-03,3.270442e-05,9.040157e-01,0.9999999999
3153.6681,5.949128e-04,6.642449e-05,8.187396e-03,3.714712e-05,9.043356e-01,0.9999999999
3157.0124,5.844891e-04,7.264737e-05,8.175782e-03,4.167440e-05,9.046747e-01,0.9999999999
3160.3567,5.778936e-04,7.837838e-05,8.153829e-03,4.674146e-05,9.049568e-01,0.9999999999
3163.7010,5.669240e-04,8.481059e-05,8.142812e-03,5.204523e-05,9.053242e-01,0.9999999999
3167.0453,5.595991e-04,9.085153e-05,8.118571e-03,5.753883e-05,9.055946e-01,0.9999999999
3170.3896,5.485858e-04,9.774757e-05,8.102723e-03,6.404047e-05,9.059654e-01,0.9999999999
3173.7339,5.402665e-04,1.038348e-04,8.079969e-03,6.972928e-05,9.062375e-01,0.9999999999
3177.0782,5.296780e-04,1.112361e-04,8.057974e-03,7.732050e-05,9.066089e-01,0.9999999999
3180.4224,5.200600e-04,1.172751e-04,8.035288e-03,8.376848e-05,9.068848e-01,0.9999999999
3183.7667,5.098537e-04,1.252365e-04,8.010968e-03,9.174061e-05,9.072443e-01,0.9999999999
3187.1110,4.997743e-04,1.311542e-04,7.983291e-03,9.955240e-05,9.075493e-01,0.9999999999
3190.4553,4.888937e-04,1.394466e-04,7.961093e-03,1.077519e-04,9.078682e-01,0.9999999999
3193.7996,4.791321e-04,1.455756e-04,7.926436e-03,1.166120e-04,9.082172e-01,0.9999999999
3197.1439,4.677888e-04,1.537935e-04,7.905212e-03,1.256924e-04,9.085077e-01,0.9999999999
3200.4882,4.575628e-04,1.603055e-04,7.867274e-03,1.350258e-04,9.088599e-01,0.9999999999
3203.8325,4.466948e-04,1.683275e-04,7.842633e-03,1.451796e-04,9.091781e-01,0.9999999999
3207.1768,4.355754e-04,1.751850e-04,7.804741e-03,1.552834e-04,9.094837e-01,0.9999999999
3210.5211,4.253594e-04,1.831047e-04,7.775402e-03,1.659571e-04,9.098523e-01,0.9999999999
3213.8654,4.134393e-04,1.898847e-04,7.737587e-03,1.772760e-04,9.101245e-01,0.9999999999
3217.2097,4.037121e-04,1.982625e-04,7.703824e-03,1.884292e-04,9.105008e-01,0.9999999999
3220.5540,3.915705e-04,2.044142e-04,7.665815e-03,2.005498e-04,9.107929e-01,0.9999999999
3223.8983,3.816076e-04,2.132404e-04,7.629099e-03,2.127785e-04,9.111336e-01,0.9999999999
3227.2425,3.700005e-04,2.193104e-04,7.587905e-03,2.252527e-04,9.114656e-01,0.9999999999
3230.5868,3.594876e-04,2.276980e-04,7.551694e-03,2.386188e-04,9.117737e-01,0.9999999999
3233.9311,3.484590e-04,2.342273e-04,7.506169e-03,2.516489e-04,9.121301e-01,0.9999999999
3237.2754,3.376562e-04,2.420717e-04,7.467825e-03,2.658642e-04,9.124188e-01,0.9999999999
3240.6197,3.269440e-04,2.488489e-04,7.424007e-03,2.795762e-04,9.127971e-01,0.9999999999
3243.9640,3.162915e-04,2.561958e-04,7.377290e-03,2.946385e-04,9.130601e-01,0.9999999999
3247.3083,3.054397e-04,2.632112e-04,7.338437e-03,3.089558e-04,9.134647e-01,0.9999999999
3250.6526,2.954396e-04,2.701982e-04,7.285277e-03,3.247234e-04,9.137099e-01,0.9999999999
3253.9969,2.843445e-04,2.769330e-04,7.245442e-03,3.400710e-04,9.141171e-01,0.9999999999
3257.3412,2.746684e-04,2.841018e-04,7.193216e-03,3.558072e-04,9.143765e-01,0.9999999999
3260.6855,2.640896e-04,2.902312e-04,7.146936e-03,3.728115e-04,9.147586e-01,0.9999999999
3264.0298,2.541197e-04,2.974974e-04,7.097995e-03,3.882392e-04,9.150439e-01,0.9999999999
3267.3741,2.443351e-04,3.031816e-04,7.046247e-03,4.065716e-04,9.154077e-01,0.9999999999
3270.7184,2.342647e-04,3.104512e-04,6.997847e-03,4.223866e-04,9.157010e-01,0.9999999999
3274.0626,2.249506e-04,3.156615e-04,6.943915e-03,4.410804e-04,9.160622e-01,0.9999999999
3277.4069,2.152140e-04,3.227095e-04,6.893902e-03,4.581678e-04,9.163598e-01,0.9999999999
3280.7512,2.059694e-04,3.280174e-04,6.838900e-03,4.764777e-04,9.167081e-01,0.9999999999
3284.0955,1.969665e-04,3.340805e-04,6.786741e-03,4.950946e-04,9.170266e-01,0.9999999999
3287.4398,1.876809e-04,3.398288e-04,6.732087e-03,5.133030e-04,9.173504e-01,0.9999999999
3290.7841,1.792258e-04,3.452479e-04,6.675721e-03,5.323756e-04,9.176865e-01,0.9999999999
3294.1284,1.703409e-04,3.505480e-04,6.623464e-03,5.520206e-04,9.180060e-01,0.9999999999
3297.4727,1.621230e-04,3.561497e-04,6.562748e-03,5.699315e-04,9.183285e-01,0.9999999999
3300.8170,1.536885e-04,3.605842e-04,6.510637e-03,5.918197e-04,9.186738e-01,0.9999999999
3304.1613,1.459509e-04,3.662471e-04,6.450233e-03,6.088431e-04,9.189653e-01,0.9999999999
3307.5056,1.377468e-04,3.703432e-04,6.393313e-03,6.316635e-04,9.193338e-01,0.9999999999
3310.8499,1.305463e-04,3.751723e-04,6.336573e-03,6.492506e-04,9.196157e-01,0.9999999999
3314.1942,1.227131e-04,3.799478e-04,6.275085e-03,6.719504e-04,9.199752e-01,0.9999999999
3317.5384,1.159810e-04,3.831856e-04,6.218760e-03,6.903010e-04,9.202781e-01,0.9999999999
3320.8827,1.084199e-04,3.886606e-04,6.157527e-03,7.131699e-04,9.206094e-01,0.9999999999
3324.2270,1.023702e-04,3.910969e-04,6.098023e-03,7.317600e-04,9.209377e-01,0.9999999999
3327.5713,9.502614e-05,3.960135e-04,6.038171e-03,7.549738e-04,9.212460e-01,0.9999999999
3330.9156,8.948310e-05,3.987427e-04,5.977325e-03,7.739541e-04,9.215931e-01,0.9999999999
3334.2599,8.267654e-05,4.025843e-04,5.916001e-03,7.970206e-04,9.218799e-01,0.9999999999
3337.6042,7.737933e-05,4.055231e-04,5.855788e-03,8.166923e-04,9.222489e-01,0.9999999999
3340.9485,7.127794e-05,4.086400e-04,5.793755e-03,8.395871e-04,9.225126e-01,0.9999999999
3344.2928,6.610878e-05,4.114565e-04,5.731635e-03,8.595279e-04,9.228956e-01,0.9999999999
